
SimulateCDC.elf:     file format elf32-littleriscv
SimulateCDC.elf
architecture: riscv:rv32, flags 0x00000112:
EXEC_P, HAS_SYMS, D_PAGED
start address 0x00000000

Program Header:
0x70000003 off    0x00020b45 vaddr 0x00000000 paddr 0x00000000 align 2**0
         filesz 0x00000051 memsz 0x00000000 flags r--
    LOAD off    0x00001000 vaddr 0x00000000 paddr 0x00000000 align 2**12
         filesz 0x00000004 memsz 0x00000004 flags r-x
    LOAD off    0x00002000 vaddr 0x20000000 paddr 0x00000004 align 2**12
         filesz 0x0000202c memsz 0x0000202c flags r-x
    LOAD off    0x00004030 vaddr 0x00002030 paddr 0x00002030 align 2**12
         filesz 0x000027ec memsz 0x000027ec flags r-x
    LOAD off    0x0000702c vaddr 0x2000202c paddr 0x0000481c align 2**12
         filesz 0x00000130 memsz 0x00000130 flags rw-
    LOAD off    0x00000160 vaddr 0x20002160 paddr 0x0000494c align 2**12
         filesz 0x00000000 memsz 0x00002fc8 flags rw-

Sections:
Idx Name          Size      VMA       LMA       File off  Algn
  0 .init         00000004  00000000  00000000  00001000  2**1
                  CONTENTS, ALLOC, LOAD, READONLY, CODE
  1 .highcode_initlalign 00000000  00000004  00000004  0000715c  2**0
                  CONTENTS
  2 .highcode_init 00000208  20000000  00000004  00002000  2**1
                  CONTENTS, ALLOC, LOAD, READONLY, CODE
  3 .highcodelalign 00000000  0000020c  0000020c  0000715c  2**0
                  CONTENTS
  4 .highcode     00001e24  20000208  0000020c  00002208  2**2
                  CONTENTS, ALLOC, LOAD, READONLY, CODE
  5 .text         000027ec  00002030  00002030  00004030  2**2
                  CONTENTS, ALLOC, LOAD, READONLY, CODE
  6 .fini         00000000  0000481c  0000481c  0000715c  2**0
                  CONTENTS, ALLOC, LOAD, CODE
  7 .dlalign      00000000  0000481c  0000481c  0000715c  2**0
                  CONTENTS
  8 .data         00000130  2000202c  0000481c  0000702c  2**2
                  CONTENTS, ALLOC, LOAD, DATA
  9 .bss          00002fc8  20002160  0000494c  00007160  2**3
                  ALLOC
 10 .stack        00000000  20020000  20020000  0000715c  2**0
                  CONTENTS
 11 .debug_info   00007f78  00000000  00000000  0000715c  2**0
                  CONTENTS, READONLY, DEBUGGING, OCTETS
 12 .debug_abbrev 00001f92  00000000  00000000  0000f0d4  2**0
                  CONTENTS, READONLY, DEBUGGING, OCTETS
 13 .debug_loclists 000022b8  00000000  00000000  00011066  2**0
                  CONTENTS, READONLY, DEBUGGING, OCTETS
 14 .debug_aranges 00000468  00000000  00000000  00013320  2**3
                  CONTENTS, READONLY, DEBUGGING, OCTETS
 15 .debug_rnglists 000007f1  00000000  00000000  00013788  2**0
                  CONTENTS, READONLY, DEBUGGING, OCTETS
 16 .debug_line   0000a58b  00000000  00000000  00013f79  2**0
                  CONTENTS, READONLY, DEBUGGING, OCTETS
 17 .debug_str    00001d68  00000000  00000000  0001e504  2**0
                  CONTENTS, READONLY, DEBUGGING, OCTETS
 18 .debug_line_str 00000875  00000000  00000000  0002026c  2**0
                  CONTENTS, READONLY, DEBUGGING, OCTETS
 19 .comment      00000064  00000000  00000000  00020ae1  2**0
                  CONTENTS, READONLY
 20 .riscv.attributes 00000051  00000000  00000000  00020b45  2**0
                  CONTENTS, READONLY
 21 .debug_frame  00000a50  00000000  00000000  00020b98  2**2
                  CONTENTS, READONLY, DEBUGGING, OCTETS
SYMBOL TABLE:
00000000 l    d  .init	00000000 .init
00000004 l    d  .highcode_initlalign	00000000 .highcode_initlalign
20000000 l    d  .highcode_init	00000000 .highcode_init
0000020c l    d  .highcodelalign	00000000 .highcodelalign
20000208 l    d  .highcode	00000000 .highcode
00002030 l    d  .text	00000000 .text
0000481c l    d  .fini	00000000 .fini
0000481c l    d  .dlalign	00000000 .dlalign
2000202c l    d  .data	00000000 .data
20002160 l    d  .bss	00000000 .bss
20020000 l    d  .stack	00000000 .stack
00000000 l    d  .debug_info	00000000 .debug_info
00000000 l    d  .debug_abbrev	00000000 .debug_abbrev
00000000 l    d  .debug_loclists	00000000 .debug_loclists
00000000 l    d  .debug_aranges	00000000 .debug_aranges
00000000 l    d  .debug_rnglists	00000000 .debug_rnglists
00000000 l    d  .debug_line	00000000 .debug_line
00000000 l    d  .debug_str	00000000 .debug_str
00000000 l    d  .debug_line_str	00000000 .debug_line_str
00000000 l    d  .comment	00000000 .comment
00000000 l    d  .riscv.attributes	00000000 .riscv.attributes
00000000 l    d  .debug_frame	00000000 .debug_frame
00000000 l    df *ABS*	00000000 startup_CH585.o
200000a0 l       .highcode_init	00000000 USB2_IRQHandler
2000015e l       .highcode_init	00000000 __highcode_init
00000000 l    df *ABS*	00000000 CH58x_sys.c
20002150 l     O .data	00000004 curbrk.0
00000000 l    df *ABS*	00000000 UART.c
00000000 l    df *ABS*	00000000 ch585_usbhs_device.c
00000000 l    df *ABS*	00000000 main.c
20002180 l     O .bss	00000004 uart_rx_length
20004a50 l     O .bss	00000200 local_tx_buf
20004c50 l     O .bss	00000400 uart_rx_buf
00000000 l    df *ABS*	00000000 ble_task_scheduler.o
00000000 l    df *ABS*	00000000 RTC.c
20001452 l     F .highcode	00000018 SYS_GetClockValue
2000146a l     F .highcode	0000000e SYS_SetPendingIRQ
00000000 l    df *ABS*	00000000 ISP585.c
2000156c l       .highcode	00000000 .loop18
2000157a l       .highcode	00000000 .loop29
20001588 l       .highcode	00000000 .loop40
20001814 l       .highcode	00000000 .loop411
00000000 l    df *ABS*	00000000 tmos.c
00000000 l    df *ABS*	00000000 memory.c
00000000 l    df *ABS*	00000000 ip.c
200021c0 l     O .bss	00000004 gPaControl
00000000 l    df *ABS*	00000000 save-restore.o
00000000 l    df *ABS*	00000000 lib_a-memcpy-asm.o
00000000 l    df *ABS*	00000000 CH58x_clk.c
00000000 l    df *ABS*	00000000 CH58x_gpio.c
00000000 l    df *ABS*	00000000 CH58x_pwm.c
00000000 l    df *ABS*	00000000 CH58x_pwr.c
00000000 l    df *ABS*	00000000 message.c
00000000 l    df *ABS*	00000000 tmos_snv.c
00000000 l    df *ABS*	00000000 aes.c
00000000 l    df *ABS*	00000000 wchprintf.c
00000000 l    df *ABS*	00000000 lib_a-sscanf.o
00000000 l    df *ABS*	00000000 lib_a-stdio.o
00000000 l    df *ABS*	00000000 lib_a-strcpy.o
00000000 l    df *ABS*	00000000 lib_a-strlen.o
00000000 l    df *ABS*	00000000 lib_a-strncmp.o
00000000 l    df *ABS*	00000000 lib_a-nano-svfscanf.o
00000000 l    df *ABS*	00000000 lib_a-nano-vfscanf_i.o
00000000 l    df *ABS*	00000000 lib_a-sccl.o
00000000 l    df *ABS*	00000000 lib_a-strtol.o
00003d18 l     F .text	00000144 _strtol_l.constprop.0
00000000 l    df *ABS*	00000000 lib_a-strtoul.o
00003e5e l     F .text	00000118 _strtoul_l.constprop.0
00000000 l    df *ABS*	00000000 lib_a-ungetc.o
00000000 l    df *ABS*	00000000 lib_a-errno.o
00000000 l    df *ABS*	00000000 lib_a-lock.o
00000000 l    df *ABS*	00000000 lib_a-memchr.o
00000000 l    df *ABS*	00000000 lib_a-nano-freer.o
00000000 l    df *ABS*	00000000 lib_a-nano-mallocr.o
000040c6 l     F .text	00000054 sbrk_aligned
00000000 l    df *ABS*	00000000 lib_a-nano-reallocr.o
00000000 l    df *ABS*	00000000 lib_a-sbrkr.o
00000000 l    df *ABS*	00000000 lib_a-mlock.o
00000000 l    df *ABS*	00000000 lib_a-nano-msizer.o
00000000 l    df *ABS*	00000000 usb_desc.c
00000000 l    df *ABS*	00000000 lib_a-impure.o
200020ec l     O .data	00000060 impure_data
00000000 l    df *ABS*	00000000 MCU.c
000030b2  w    F .text	00000004 printDouble
000042be g     F .text	00000014 _malloc_usable_size_r
0000392a g     F .text	000000e4 _scanf_chars
000044ac g     O .text	00000016 MySerNumInfo
000034ac g     F .text	00000012 strcpy
20001588 g     F .highcode	0000000e FLASH_ROM_OUT
200000a0  w      .highcode_init	00000000 NFC_IRQHandler
20002170 g     O .bss	00000004 pUSBHS_Descr
000030b6  w    F .text	00000356 print
0000340c  w    F .text	00000022 printf
20002950 g       .data	00000000 __global_pointer$
0000207a g     F .text	00000028 .hidden __riscv_save_8
200013c8 g     F .highcode	00000010 mDelayuS
20001348  w    F .highcode	00000080 HardFault_Handler
20000b0c g     F .highcode	00000528 App_CDC_ByteFromHost
200000a0  w      .highcode_init	00000000 GPIOB_IRQHandler
00002fc4  w    F .text	000000ea printInt
000042b8 g     F .text	00000006 __malloc_unlock
000020c6 g     F .text	0000000c .hidden __riscv_restore_3
200000a0  w      .highcode_init	00000000 GPIOA_IRQHandler
200021bc g     O .bss	00000004 gptrBBReg
20001034 g     F .highcode	0000002a SysTick_Handler
000020b2 g     F .text	00000020 .hidden __riscv_restore_10
200000a0  w      .highcode_init	00000000 NMI_Handler
0000207a g     F .text	00000028 .hidden __riscv_save_11
2000195a g     F .highcode	00000032 tmos_memset
200000a0  w      .highcode_init	00000000 UART1_IRQHandler
00004000 g     F .text	0000000a __errno
00002158 g     F .text	000000d0 USB_TestMode_Deal
000025fa g     F .text	00000104 PWR_DCDCCfg
20002162 g     O .bss	00000001 USBHS_DevSpeed
2000198c g     F .highcode	00000040 tmos_isbufset
200021e0 g     O .bss	00000004 errno
200020a8 g     O .data	00000043 TAB_USB_FS_OSC_DESC
00003a0e g     F .text	0000025e _scanf_i
000034a8 g     F .text	00000004 __seofread
20002160 g       .bss	00000000 _sbss
20002190 g     O .bss	00000004 RTCTigFlag
2000157a g     F .highcode	0000000e FLASH_ROM_IN
00002a1c g     F .text	000000a6 tmos_snv_init
000020c6 g     F .text	0000000c .hidden __riscv_restore_2
0000242e g     F .text	00000050 HSECFG_Capacitance
20001334 g     F .highcode	00000014 SYS_RecoverIrq
200029f0 g     O .bss	0000000e CDC
200000a0  w      .highcode_init	00000000 UART0_IRQHandler
20005050 g     O .bss	00000028 gTmosPara
20000208 g     F .highcode	00000048 UART2_DataTx_Deal
20003210 g     O .bss	00000040 USBHS_EP0_Buf
00004574 g     O .text	00000012 MyDevDescr
000020d2 g     F .text	00000016 memcpy
000030ae  w    F .text	00000004 printLongLongInt
20002167 g     O .bss	00000001 USBHS_DevConfig
200021d0 g     O .bss	00000004 MemCtlEnd
20002064 g     O .data	00000043 TAB_USB_HS_OSC_DESC
00000004 g       .init	00000000 _einit
200021a8 g     O .bss	00000004 tasksArr
200021d4 g     O .bss	00000004 MemCtlPartition
200000a2 g     F .highcode_init	000000bc highcode_init
2000216e g     O .bss	00000001 USBHS_SetupReqType
00002072 g     F .text	00000030 .hidden __riscv_save_12
200050b4 g     O .bss	00000014 pfnProcessCBs
00002db6 g     F .text	00000034 LL_Encrypt
200000a0  w      .highcode_init	00000000 BB_IRQHandler
00003590 g     F .text	00000048 __ssrefill_r
20001616 g     F .highcode	00000318 FLASH_EEPROM_CMD
200000a0  w      .highcode_init	00000000 Break_Point_Handler
000024fc g     F .text	0000007e GPIOB_ModeCfg
000020b2 g     F .text	00000020 .hidden __riscv_restore_11
20001478 g     F .highcode	00000044 RTC_SetTignTime
0000428a g     F .text	00000028 _sbrk_r
00002126 g     F .text	00000002 UART2_Init
000020a2 g     F .text	0000000c .hidden __riscv_save_1
20002158 g     O .data	00000004 MyLangDescr
200000a0  w      .highcode_init	00000000 TMR0_IRQHandler
000020c6 g     F .text	0000000c .hidden __riscv_restore_0
200019cc g     F .highcode	000000c6 tmos_memory_allocate
00002088 g     F .text	0000001a .hidden __riscv_save_7
2000155a g     F .highcode	00000012 FLASH_ROM_BEG
000035d8 g     F .text	00000352 __ssvfscanf_r
20001bb8 g     F .highcode	0000007e TMOS_CB_PeriodicProcessEvent
200013d8 g     F .highcode	00000020 mDelaymS
20001404 g       .highcode	00000000 Ecall_M_Mode_Handler
20000000 g       .highcode_init	00000000 _highcode_init_vma_start
2000219c g     O .bss	00000001 tmosSign
000020bc g     F .text	00000016 .hidden __riscv_restore_5
20001596 g     F .highcode	00000048 FLASH_ROM_ADDR
0000421c g     F .text	0000006e _realloc_r
00000004 g       .highcode_initlalign	00000000 _highcode_init_lma
000027ae g     F .text	0000002c _sbrk
00002592 g     F .text	00000068 PWMX_16bit_ACTOUT
200021a4 g     O .bss	00000004 fnGetClockCBs
00002928 g     F .text	000000f4 BLE_LibInit
000044dc g     O .text	0000000e MyManuInfo
2000216c g     O .bss	00000002 USBHS_SetupReqValue
2000216a g     O .bss	00000002 USBHS_SetupReqIndex
200021d8 g     O .bss	00000004 MemCtlStart
20001d4e g     F .highcode	00000046 tmos_set_event
20002166 g     O .bss	00000001 USBHS_DevAddr
000020bc g     F .text	00000016 .hidden __riscv_restore_6
200014bc g     F .highcode	00000016 RTC_IRQHandler
20005128 g       .bss	00000000 _ebss
200000a0  w      .highcode_init	00000000 LED_IRQHandler
200021e4 g     O .bss	00000001 __lock___malloc_recursive_mutex
200015de g     F .highcode	00000038 FLASH_ROM_WAIT
20001edc g     F .highcode	0000007a ble_ll_hw_api_shut
00002c3a g     F .text	0000017c AES_DevAESDec
200021b8 g     O .bss	00000004 gptrAESReg
0000207a g     F .text	00000028 .hidden __riscv_save_9
000047bc g     O .text	00000020 __sf_fake_stderr
00002088 g     F .text	0000001a .hidden __riscv_save_4
00002dea g     F .text	00000034 LL_Decrypt
20000000 g       .highcode_init	00000000 _vector_base
0000400c g     F .text	00000002 __retarget_lock_release_recursive
200000a0  w      .highcode_init	00000000 UART2_IRQHandler
20002194 g     O .bss	00000004 msg_qHead
0000400e g     F .text	0000001a memchr
00004028 g     F .text	0000009e _free_r
2000216f g     O .bss	00000001 USBHS_SetupReqCode
000020a2 g     F .text	0000000c .hidden __riscv_save_3
000044a0 g     O .text	0000000a MyQuaDesc
000034fc g     F .text	00000094 _sungetc_r
00000000 g       .init	00000000 _start
20001d94 g     F .highcode	0000007a tmos_update_periodic_callback_timer
20000250 g     F .highcode	00000076 USB_CDC_Send
00002ee4  w    F .text	000000e0 prints
00002ac2 g     F .text	00000178 AES_DevAESEnc
000034d0 g     F .text	0000002c strncmp
200000a0  w      .highcode_init	00000000 ADC_IRQHandler
20000208 g       .highcode	00000000 _highcode_vma_start
20002188 g     O .bss	00000004 gs_machine_mode_func
200021b0 g     O .bss	00000004 EventsArr
20002e10 g     O .bss	00000400 USBHS_EP2_Tx_Buf
200000a0  w      .highcode_init	00000000 TMR2_IRQHandler
00003f76 g     F .text	00000002 _strtoul_r
2000202c g       .data	00000000 _data_vma
000044ec g     O .text	00000043 MyCfgDescr_HS
200021c8 g     O .bss	00000004 gptrRFENDReg
2000107a g     F .highcode	000001d0 SetSysClock
200021dc g     O .bss	00000001 l2capNumRecvDataPkts
000022a4 g     F .text	00000092 USBHS_Device_Init
200000a0  w      .highcode_init	00000000 USB_IRQHandler
00003454 g     F .text	00000054 sscanf
20001c36 g     F .highcode	0000001a tmosFindTask
0000207a g     F .text	00000028 .hidden __riscv_save_10
000042b2 g     F .text	00000006 __malloc_lock
000020bc g     F .text	00000016 .hidden __riscv_restore_4
000020b2 g     F .text	00000020 .hidden __riscv_restore_8
20003250 g     O .bss	00001800 MEM_BUF
200050c8 g     O .bss	00000020 rfConfig
00002e1e g     F .text	0000001c tmos_memory_getlen
00002088 g     F .text	0000001a .hidden __riscv_save_6
20002164 g     O .bss	00000002 USBHS_DevMaxPackLen
000047fc g     O .text	00000020 __sf_fake_stdin
000020e8 g     F .text	0000003e UART2_ParaInit
0000400a g     F .text	00000002 __retarget_lock_acquire_recursive
2000105e g     F .highcode	0000001c MachineMode_Call_IRQ
200000a0  w      .highcode_init	00000000 I2C_IRQHandler
000020b2 g     F .text	00000020 .hidden __riscv_restore_9
200021c4 g     O .bss	00000004 gptrLLEReg
000020bc g     F .text	00000016 .hidden __riscv_restore_7
00002336 g     F .text	000000f8 main
20002178 g     O .bss	00000008 ms_cnt
20001b56 g     F .highcode	00000062 TMOS_CB_ProcessEvent
00002128 g     F .text	00000030 UART2_USB_Init
00003e5c g     F .text	00000002 _strtol_r
0000411a g     F .text	00000102 _malloc_r
20001a92 g     F .highcode	000000c4 tmos_memory_free
00002820 g     F .text	00000108 TMOS_Init
00003f78 g     F .text	00000088 __submore
000044c4 g     O .text	00000016 MyProdInfo
00003454 g     F .text	00000054 siscanf
00004530 g     O .text	00000043 MyCfgDescr_FS
0000020c g       .highcodelalign	00000000 _highcode_lma
20002168 g     O .bss	00000002 USBHS_SetupReqLen
00002e98  w    F .text	0000004c printchar
20002161 g     O .bss	00000001 USBHS_DevSleepStatus
0000342e g     F .text	00000026 sprintf
200014d4 g       .highcode	00000000 LLE_IRQHandler
00000000 g       .init	00000000 _sinit
2000202c g     O .data	00000035 IFTest_Buf
200021ac g     O .bss	00000004 taskHead
20002154 g     O .data	00000004 _impure_ptr
20001e0e g     F .highcode	000000ce BLE_CheckChannel
00002e3a g     F .text	0000005e tmos_memory_init
20002a10 g     O .bss	00000400 USBHS_EP3_Tx_Buf
200000a0  w      .highcode_init	00000000 WDOG_BAT_IRQHandler
20001404 g       .highcode	00000000 Ecall_U_Mode_Handler
200000a0  w      .highcode_init	00000000 TMR3_IRQHandler
200021cc g     O .bss	00000001 gapRole_TaskID
20020000 g       .stack	00000000 _eusrstack
20001c50 g     F .highcode	000000fe tmos_start_periodic_callback_task
000020a2 g     F .text	0000000c .hidden __riscv_save_2
20002184 g     O .bss	00000004 chip_info
200000a0  w      .highcode_init	00000000 SW_Handler
0000247e g     F .text	0000007e GPIOA_ModeCfg
000035d8 g     F .text	00000352 __ssvfiscanf_r
20005078 g     O .bss	0000003c ble
20001318 g     F .highcode	0000001c SYS_DisableAllIrq
000026fe g     F .text	00000080 GetSysClock
00002088 g     F .text	0000001a .hidden __riscv_save_5
00002786 g     F .text	00000028 _write
2000215c g       .data	00000000 _edata
200000a0  w      .highcode_init	00000000 SPI0_IRQHandler
20005128 g       .bss	00000000 _end
200000a0  w      .highcode_init	00000000 USB2_HOST_IRQHandler
0000257a g     F .text	00000018 PWMX_16bit_CycleCfg
2000202c g       .highcode	00000000 _highcode_vma_end
00002228 g     F .text	0000007c USBHS_Device_Endp_Init
200021b4 g     O .bss	00000004 cbTimersHead
200021f0 g     O .bss	00000800 UART2_Tx_Buf
0000481c g       .dlalign	00000000 _data_lma
000027e0 g     F .text	00000040 tmos_clear_event
200013f8 g     F .highcode	0000000a __wrap_memcpy
20001f56 g     F .highcode	000000d4 phy_status_clear
2000192e g     F .highcode	0000002c tmos_memcpy
200050e8 g     O .bss	00000040 gBleIPPara
000047dc g     O .text	00000020 __sf_fake_stdout
0000277e g     F .text	00000008 SYS_GetSysTickCnt
200000a0  w      .highcode_init	00000000 PWMX_SPI1_IRQHandler
00003c6c g     F .text	000000ac __sccl
000020ae g     F .text	00000024 .hidden __riscv_restore_12
000046b8 g     O .text	00000101 _ctype_
00002030  w      .text	00000000 handle_reset
000020a2 g     F .text	0000000c .hidden __riscv_save_0
000034be g     F .text	00000012 strlen
200000a0  w      .highcode_init	00000000 UART3_IRQHandler
200021e8 g     O .bss	00000004 __malloc_sbrk_start
2000156c g     F .highcode	0000000e FLASH_ROM_END
20002160 g     O .bss	00000001 USBHS_DevEnumStatus
200021ec g     O .bss	00000004 __malloc_free_list
000020c6 g     F .text	0000000c .hidden __riscv_restore_1
200002c6 g     F .highcode	00000846 USB2_DEVICE_IRQHandler
20002a00 g     O .bss	00000010 USBHS_Endp_Busy
200000a0  w      .highcode_init	00000000 TMR1_IRQHandler
20002198 g     O .bss	00000004 pfnHandle
2000218c g     O .bss	00000004 g_LLE_IRQLibHandlerLocation
200021a0 g     O .bss	00000004 pfnTimerCBs
000027da g     F .text	00000006 tmos_msg_init
2000124a g     F .highcode	0000006c MachineMode_Call
200012b6 g     F .highcode	00000062 SYS_ResetExecute
20000208 g       .highcode_init	00000000 _highcode_init_vma_end
20002174 g     O .bss	00000001 USBHS_Test_Flag



Disassembly of section .init:

00000000 <_sinit>:
   0:	0300206f          	j	2030 <handle_reset>

Disassembly of section .highcode_init:

20000000 <_highcode_init_vma_start>:
	...
20000008:	200000a0          	.word	0x200000a0
2000000c:	20001348          	.word	0x20001348
20000010:	f3f9bda9          	.word	0xf3f9bda9
20000014:	20001404          	.word	0x20001404
	...
20000020:	20001404          	.word	0x20001404
20000024:	200000a0          	.word	0x200000a0
	...
20000030:	20001034          	.word	0x20001034
20000034:	00000000          	.word	0x00000000
20000038:	200000a0          	.word	0x200000a0
2000003c:	00000000          	.word	0x00000000
20000040:	200000a0          	.word	0x200000a0
20000044:	200000a0          	.word	0x200000a0
20000048:	200000a0          	.word	0x200000a0
2000004c:	200000a0          	.word	0x200000a0
20000050:	200000a0          	.word	0x200000a0
20000054:	200014d4          	.word	0x200014d4
20000058:	200000a0          	.word	0x200000a0
2000005c:	00000000          	.word	0x00000000
20000060:	200000a0          	.word	0x200000a0
20000064:	200000a0          	.word	0x200000a0
20000068:	200000a0          	.word	0x200000a0
2000006c:	200000a0          	.word	0x200000a0
20000070:	200014bc          	.word	0x200014bc
20000074:	200000a0          	.word	0x200000a0
20000078:	200000a0          	.word	0x200000a0
2000007c:	200000a0          	.word	0x200000a0
20000080:	200000a0          	.word	0x200000a0
20000084:	200000a0          	.word	0x200000a0
20000088:	200000a0          	.word	0x200000a0
2000008c:	200000a0          	.word	0x200000a0
20000090:	200000a0          	.word	0x200000a0
20000094:	200002c6          	.word	0x200002c6
20000098:	200000a0          	.word	0x200000a0
2000009c:	200000a0          	.word	0x200000a0

200000a0 <ADC_IRQHandler>:
200000a0:	a001                	j	200000a0 <ADC_IRQHandler>

200000a2 <highcode_init>:
200000a2:	400017b7          	lui	a5,0x40001
200000a6:	4b98                	lw	a4,16(a5)
200000a8:	1141                	addi	sp,sp,-16
200000aa:	01076713          	ori	a4,a4,16
200000ae:	cb98                	sw	a4,16(a5)
200000b0:	0107c703          	lbu	a4,16(a5) # 40001010 <_eusrstack+0x1ffe1010>
200000b4:	0fe77713          	andi	a4,a4,254
200000b8:	00e78823          	sb	a4,16(a5)
200000bc:	08800713          	li	a4,136
200000c0:	80073773          	csrrc	a4,0x800,a4
200000c4:	08877713          	andi	a4,a4,136
200000c8:	c63a                	sw	a4,12(sp)
200000ca:	0000100f          	fence.i
200000ce:	05700713          	li	a4,87
200000d2:	04e78023          	sb	a4,64(a5)
200000d6:	fa800713          	li	a4,-88
200000da:	04e78023          	sb	a4,64(a5)
200000de:	0000100f          	fence.i
200000e2:	47b8                	lw	a4,72(a5)
200000e4:	060006b7          	lui	a3,0x6000
200000e8:	0695                	addi	a3,a3,5 # 6000005 <_data_lma+0x5ffb7e9>
200000ea:	8f55                	or	a4,a4,a3
200000ec:	c7b8                	sw	a4,72(a5)
200000ee:	04b7c703          	lbu	a4,75(a5)
200000f2:	0df77713          	andi	a4,a4,223
200000f6:	04e785a3          	sb	a4,75(a5)
200000fa:	00a7c703          	lbu	a4,10(a5)
200000fe:	01276713          	ori	a4,a4,18
20000102:	00e78523          	sb	a4,10(a5)
20000106:	14500713          	li	a4,325
2000010a:	00e79423          	sh	a4,8(a5)
2000010e:	40002737          	lui	a4,0x40002
20000112:	80574683          	lbu	a3,-2043(a4) # 40001805 <_eusrstack+0x1ffe1805>
20000116:	0ef6f693          	andi	a3,a3,239
2000011a:	80d702a3          	sb	a3,-2043(a4)
2000011e:	4689                	li	a3,2
20000120:	80d703a3          	sb	a3,-2041(a4)
20000124:	04e7c703          	lbu	a4,78(a5)
20000128:	0fc77713          	andi	a4,a4,252
2000012c:	00176713          	ori	a4,a4,1
20000130:	04e78723          	sb	a4,78(a5)
20000134:	02f7c703          	lbu	a4,47(a5)
20000138:	00276713          	ori	a4,a4,2
2000013c:	02e787a3          	sb	a4,47(a5)
20000140:	0107c703          	lbu	a4,16(a5)
20000144:	00176713          	ori	a4,a4,1
20000148:	00e78823          	sb	a4,16(a5)
2000014c:	04078023          	sb	zero,64(a5)
20000150:	47b2                	lw	a5,12(sp)
20000152:	8007a7f3          	csrrs	a5,0x800,a5
20000156:	0000100f          	fence.i
2000015a:	0141                	addi	sp,sp,16
2000015c:	8082                	ret

2000015e <__highcode_init>:
2000015e:	f45ff0ef          	jal	ra,200000a2 <highcode_init>
20000162:	20c00513          	li	a0,524
20000166:	00000597          	auipc	a1,0x0
2000016a:	0a258593          	addi	a1,a1,162 # 20000208 <_highcode_init_vma_end>
2000016e:	00002617          	auipc	a2,0x2
20000172:	ebe60613          	addi	a2,a2,-322 # 2000202c <IFTest_Buf>
20000176:	00c5fa63          	bgeu	a1,a2,2000018a <__highcode_init+0x2c>
2000017a:	00052283          	lw	t0,0(a0)
2000017e:	0055a023          	sw	t0,0(a1)
20000182:	0511                	addi	a0,a0,4
20000184:	0591                	addi	a1,a1,4
20000186:	fec5eae3          	bltu	a1,a2,2000017a <__highcode_init+0x1c>
2000018a:	e0004517          	auipc	a0,0xe0004
2000018e:	69250513          	addi	a0,a0,1682 # 481c <_data_lma>
20000192:	00002597          	auipc	a1,0x2
20000196:	e9a58593          	addi	a1,a1,-358 # 2000202c <IFTest_Buf>
2000019a:	80c18613          	addi	a2,gp,-2036 # 2000215c <_edata>
2000019e:	00c5fa63          	bgeu	a1,a2,200001b2 <__highcode_init+0x54>
200001a2:	00052283          	lw	t0,0(a0)
200001a6:	0055a023          	sw	t0,0(a1)
200001aa:	0511                	addi	a0,a0,4
200001ac:	0591                	addi	a1,a1,4
200001ae:	fec5eae3          	bltu	a1,a2,200001a2 <__highcode_init+0x44>
200001b2:	81018513          	addi	a0,gp,-2032 # 20002160 <USBHS_DevEnumStatus>
200001b6:	00005597          	auipc	a1,0x5
200001ba:	f7258593          	addi	a1,a1,-142 # 20005128 <_ebss>
200001be:	00b57763          	bgeu	a0,a1,200001cc <__highcode_init+0x6e>
200001c2:	00052023          	sw	zero,0(a0)
200001c6:	0511                	addi	a0,a0,4
200001c8:	feb56de3          	bltu	a0,a1,200001c2 <__highcode_init+0x64>
200001cc:	02500293          	li	t0,37
200001d0:	bc029073          	csrw	0xbc0,t0
200001d4:	428d                	li	t0,3
200001d6:	80429073          	csrw	0x804,t0
200001da:	4285                	li	t0,1
200001dc:	bc129073          	csrw	0xbc1,t0
200001e0:	08800293          	li	t0,136
200001e4:	30029073          	csrw	mstatus,t0
200001e8:	00000297          	auipc	t0,0x0
200001ec:	e1828293          	addi	t0,t0,-488 # 20000000 <_highcode_init_vma_start>
200001f0:	0032e293          	ori	t0,t0,3
200001f4:	30529073          	csrw	mtvec,t0
200001f8:	e0002297          	auipc	t0,0xe0002
200001fc:	13e28293          	addi	t0,t0,318 # 2336 <main>
20000200:	34129073          	csrw	mepc,t0
20000204:	30200073          	mret

Disassembly of section .highcode:

20000208 <UART2_DataTx_Deal>:
20000208:	e0002317          	auipc	t1,0xe0002
2000020c:	e9a302e7          	jalr	t0,-358(t1) # 20a2 <__riscv_save_0>
20000210:	0a018413          	addi	s0,gp,160 # 200029f0 <CDC>
20000214:	00245783          	lhu	a5,2(s0)
20000218:	cb85                	beqz	a5,20000248 <UART2_DataTx_Deal+0x40>
2000021a:	00245583          	lhu	a1,2(s0)
2000021e:	200024b7          	lui	s1,0x20002
20000222:	1f048513          	addi	a0,s1,496 # 200021f0 <UART2_Tx_Buf>
20000226:	0e7000ef          	jal	ra,20000b0c <App_CDC_ByteFromHost>
2000022a:	40009737          	lui	a4,0x40009
2000022e:	00041123          	sh	zero,2(s0)
20000232:	1f048493          	addi	s1,s1,496
20000236:	d704                	sw	s1,40(a4)
20000238:	0a774783          	lbu	a5,167(a4) # 400090a7 <_eusrstack+0x1ffe90a7>
2000023c:	0fc7f793          	andi	a5,a5,252
20000240:	0027e793          	ori	a5,a5,2
20000244:	0af703a3          	sb	a5,167(a4)
20000248:	e0002317          	auipc	t1,0xe0002
2000024c:	e7e30067          	jr	-386(t1) # 20c6 <__riscv_restore_0>

20000250 <USB_CDC_Send>:
20000250:	e0002317          	auipc	t1,0xe0002
20000254:	e2a302e7          	jalr	t0,-470(t1) # 207a <__riscv_save_10>
20000258:	8a2a                	mv	s4,a0
2000025a:	892e                	mv	s2,a1
2000025c:	4481                	li	s1,0
2000025e:	0a018993          	addi	s3,gp,160 # 200029f0 <CDC>
20000262:	20003bb7          	lui	s7,0x20003
20000266:	4c05                	li	s8,1
20000268:	40009ab7          	lui	s5,0x40009
2000026c:	0124e763          	bltu	s1,s2,2000027a <USB_CDC_Send+0x2a>
20000270:	8526                	mv	a0,s1
20000272:	e0002317          	auipc	t1,0xe0002
20000276:	e4030067          	jr	-448(t1) # 20b2 <__riscv_restore_10>
2000027a:	8141d783          	lhu	a5,-2028(gp) # 20002164 <USBHS_DevMaxPackLen>
2000027e:	40990433          	sub	s0,s2,s1
20000282:	17fd                	addi	a5,a5,-1
20000284:	0087f563          	bgeu	a5,s0,2000028e <USB_CDC_Send+0x3e>
20000288:	8141d403          	lhu	s0,-2028(gp) # 20002164 <USBHS_DevMaxPackLen>
2000028c:	147d                	addi	s0,s0,-1
2000028e:	0049c783          	lbu	a5,4(s3)
20000292:	fff5                	bnez	a5,2000028e <USB_CDC_Send+0x3e>
20000294:	009a05b3          	add	a1,s4,s1
20000298:	8622                	mv	a2,s0
2000029a:	e10b8513          	addi	a0,s7,-496 # 20002e10 <USBHS_EP2_Tx_Buf>
2000029e:	e0002097          	auipc	ra,0xe0002
200002a2:	e34080e7          	jalr	-460(ra) # 20d2 <memcpy>
200002a6:	01898223          	sb	s8,4(s3)
200002aa:	080447b3          	zext.h	a5,s0
200002ae:	0afa9223          	sh	a5,164(s5) # 400090a4 <_eusrstack+0x1ffe90a4>
200002b2:	0a6ac783          	lbu	a5,166(s5)
200002b6:	94a2                	add	s1,s1,s0
200002b8:	0fc7f793          	andi	a5,a5,252
200002bc:	0027e793          	ori	a5,a5,2
200002c0:	0afa8323          	sb	a5,166(s5)
200002c4:	b765                	j	2000026c <USB_CDC_Send+0x1c>

200002c6 <USB2_DEVICE_IRQHandler>:
200002c6:	1101                	addi	sp,sp,-32
200002c8:	cc26                	sw	s1,24(sp)
200002ca:	ce22                	sw	s0,28(sp)
200002cc:	ca4a                	sw	s2,20(sp)
200002ce:	c84e                	sw	s3,16(sp)
200002d0:	c652                	sw	s4,12(sp)
200002d2:	c456                	sw	s5,8(sp)
200002d4:	c25a                	sw	s6,4(sp)
200002d6:	400094b7          	lui	s1,0x40009
200002da:	0084c683          	lbu	a3,8(s1) # 40009008 <_eusrstack+0x1ffe9008>
200002de:	0094c783          	lbu	a5,9(s1)
200002e2:	0ff6f713          	zext.b	a4,a3
200002e6:	8ac1                	andi	a3,a3,16
200002e8:	7a068663          	beqz	a3,20000a94 <USB2_DEVICE_IRQHandler+0x7ce>
200002ec:	0ff7f793          	zext.b	a5,a5
200002f0:	0077f913          	andi	s2,a5,7
200002f4:	8bc1                	andi	a5,a5,16
200002f6:	64079063          	bnez	a5,20000936 <USB2_DEVICE_IRQHandler+0x670>
200002fa:	00090f63          	beqz	s2,20000318 <USB2_DEVICE_IRQHandler+0x52>
200002fe:	4789                	li	a5,2
20000300:	5ef90963          	beq	s2,a5,200008f2 <USB2_DEVICE_IRQHandler+0x62c>
20000304:	4472                	lw	s0,28(sp)
20000306:	44e2                	lw	s1,24(sp)
20000308:	4952                	lw	s2,20(sp)
2000030a:	49c2                	lw	s3,16(sp)
2000030c:	4a32                	lw	s4,12(sp)
2000030e:	4aa2                	lw	s5,8(sp)
20000310:	4b12                	lw	s6,4(sp)
20000312:	6105                	addi	sp,sp,32
20000314:	30200073          	mret
20000318:	09f4c783          	lbu	a5,159(s1)
2000031c:	8ba1                	andi	a5,a5,8
2000031e:	54078b63          	beqz	a5,20000874 <USB2_DEVICE_IRQHandler+0x5ae>
20000322:	20003a37          	lui	s4,0x20003
20000326:	210a0793          	addi	a5,s4,528 # 20003210 <USBHS_EP0_Buf>
2000032a:	0007c703          	lbu	a4,0(a5)
2000032e:	0027d683          	lhu	a3,2(a5)
20000332:	80e18f23          	sb	a4,-2018(gp) # 2000216e <USBHS_SetupReqType>
20000336:	0017c703          	lbu	a4,1(a5)
2000033a:	210a0613          	addi	a2,s4,528
2000033e:	80e18fa3          	sb	a4,-2017(gp) # 2000216f <USBHS_SetupReqCode>
20000342:	0067d703          	lhu	a4,6(a5)
20000346:	0047d783          	lhu	a5,4(a5)
2000034a:	80e19c23          	sh	a4,-2024(gp) # 20002168 <USBHS_SetupReqLen>
2000034e:	80d19e23          	sh	a3,-2020(gp) # 2000216c <USBHS_SetupReqValue>
20000352:	80f19d23          	sh	a5,-2022(gp) # 2000216a <USBHS_SetupReqIndex>
20000356:	81e1ca83          	lbu	s5,-2018(gp) # 2000216e <USBHS_SetupReqType>
2000035a:	060afa93          	andi	s5,s5,96
2000035e:	080a8e63          	beqz	s5,200003fa <USB2_DEVICE_IRQHandler+0x134>
20000362:	81e1c783          	lbu	a5,-2018(gp) # 2000216e <USBHS_SetupReqType>
20000366:	0207f793          	andi	a5,a5,32
2000036a:	cfad                	beqz	a5,200003e4 <USB2_DEVICE_IRQHandler+0x11e>
2000036c:	81f1c603          	lbu	a2,-2017(gp) # 2000216f <USBHS_SetupReqCode>
20000370:	02100693          	li	a3,33
20000374:	0ff67793          	zext.b	a5,a2
20000378:	06d60163          	beq	a2,a3,200003da <USB2_DEVICE_IRQHandler+0x114>
2000037c:	00f6e963          	bltu	a3,a5,2000038e <USB2_DEVICE_IRQHandler+0xc8>
20000380:	02000693          	li	a3,32
20000384:	00d78c63          	beq	a5,a3,2000039c <USB2_DEVICE_IRQHandler+0xd6>
20000388:	0ff00913          	li	s2,255
2000038c:	a801                	j	2000039c <USB2_DEVICE_IRQHandler+0xd6>
2000038e:	fde78793          	addi	a5,a5,-34
20000392:	0ff7f793          	zext.b	a5,a5
20000396:	4685                	li	a3,1
20000398:	fef6e8e3          	bltu	a3,a5,20000388 <USB2_DEVICE_IRQHandler+0xc2>
2000039c:	8181d683          	lhu	a3,-2024(gp) # 20002168 <USBHS_SetupReqLen>
200003a0:	03f00793          	li	a5,63
200003a4:	04000a93          	li	s5,64
200003a8:	00d7e663          	bltu	a5,a3,200003b4 <USB2_DEVICE_IRQHandler+0xee>
200003ac:	8181da83          	lhu	s5,-2024(gp) # 20002168 <USBHS_SetupReqLen>
200003b0:	080acab3          	zext.h	s5,s5
200003b4:	8201a483          	lw	s1,-2016(gp) # 20002170 <pUSBHS_Descr>
200003b8:	8656                	mv	a2,s5
200003ba:	210a0513          	addi	a0,s4,528
200003be:	85a6                	mv	a1,s1
200003c0:	e0002097          	auipc	ra,0xe0002
200003c4:	d12080e7          	jalr	-750(ra) # 20d2 <memcpy>
200003c8:	94d6                	add	s1,s1,s5
200003ca:	8aca                	mv	s5,s2
200003cc:	8291a023          	sw	s1,-2016(gp) # 20002170 <pUSBHS_Descr>
200003d0:	0ff00793          	li	a5,255
200003d4:	1efa9063          	bne	s5,a5,200005b4 <USB2_DEVICE_IRQHandler+0x2ee>
200003d8:	a1bd                	j	20000846 <USB2_DEVICE_IRQHandler+0x580>
200003da:	0a618793          	addi	a5,gp,166 # 200029f6 <CDC+0x6>
200003de:	82f1a023          	sw	a5,-2016(gp) # 20002170 <pUSBHS_Descr>
200003e2:	bf6d                	j	2000039c <USB2_DEVICE_IRQHandler+0xd6>
200003e4:	81e1c903          	lbu	s2,-2018(gp) # 2000216e <USBHS_SetupReqType>
200003e8:	04094913          	xori	s2,s2,64
200003ec:	48695913          	bexti	s2,s2,0x6
200003f0:	41200933          	neg	s2,s2
200003f4:	0ff97913          	zext.b	s2,s2
200003f8:	b755                	j	2000039c <USB2_DEVICE_IRQHandler+0xd6>
200003fa:	81f1c583          	lbu	a1,-2017(gp) # 2000216f <USBHS_SetupReqCode>
200003fe:	452d                	li	a0,11
20000400:	0ff5f793          	zext.b	a5,a1
20000404:	44b56163          	bltu	a0,a1,20000846 <USB2_DEVICE_IRQHandler+0x580>
20000408:	6591                	lui	a1,0x4
2000040a:	2d458593          	addi	a1,a1,724 # 42d4 <_malloc_usable_size_r+0x16>
2000040e:	20b7c7b3          	sh2add	a5,a5,a1
20000412:	439c                	lw	a5,0(a5)
20000414:	8782                	jr	a5
20000416:	81c1d783          	lhu	a5,-2020(gp) # 2000216c <USBHS_SetupReqValue>
2000041a:	4699                	li	a3,6
2000041c:	83a1                	srli	a5,a5,0x8
2000041e:	17fd                	addi	a5,a5,-1
20000420:	0ff7f793          	zext.b	a5,a5
20000424:	0cf6ec63          	bltu	a3,a5,200004fc <USB2_DEVICE_IRQHandler+0x236>
20000428:	6691                	lui	a3,0x4
2000042a:	30468693          	addi	a3,a3,772 # 4304 <_malloc_usable_size_r+0x46>
2000042e:	20d7c7b3          	sh2add	a5,a5,a3
20000432:	439c                	lw	a5,0(a5)
20000434:	8782                	jr	a5
20000436:	6791                	lui	a5,0x4
20000438:	57478793          	addi	a5,a5,1396 # 4574 <MyDevDescr>
2000043c:	0007c483          	lbu	s1,0(a5)
20000440:	82f1a023          	sw	a5,-2016(gp) # 20002170 <pUSBHS_Descr>
20000444:	a081                	j	20000484 <USB2_DEVICE_IRQHandler+0x1be>
20000446:	400097b7          	lui	a5,0x40009
2000044a:	00a7c703          	lbu	a4,10(a5) # 4000900a <_eusrstack+0x1ffe900a>
2000044e:	60471713          	sext.b	a4,a4
20000452:	06075763          	bgez	a4,200004c0 <USB2_DEVICE_IRQHandler+0x1fa>
20000456:	4705                	li	a4,1
20000458:	80e18923          	sb	a4,-2030(gp) # 20002162 <USBHS_DevSpeed>
2000045c:	40000713          	li	a4,1024
20000460:	80e19a23          	sh	a4,-2028(gp) # 20002164 <USBHS_DevMaxPackLen>
20000464:	8121c703          	lbu	a4,-2030(gp) # 20002162 <USBHS_DevSpeed>
20000468:	4785                	li	a5,1
2000046a:	06f71063          	bne	a4,a5,200004ca <USB2_DEVICE_IRQHandler+0x204>
2000046e:	6791                	lui	a5,0x4
20000470:	4ec78793          	addi	a5,a5,1260 # 44ec <MyCfgDescr_HS>
20000474:	0037c483          	lbu	s1,3(a5)
20000478:	0027c703          	lbu	a4,2(a5)
2000047c:	82f1a023          	sw	a5,-2016(gp) # 20002170 <pUSBHS_Descr>
20000480:	04a2                	slli	s1,s1,0x8
20000482:	8cd9                	or	s1,s1,a4
20000484:	8181d783          	lhu	a5,-2024(gp) # 20002168 <USBHS_SetupReqLen>
20000488:	00f4f463          	bgeu	s1,a5,20000490 <USB2_DEVICE_IRQHandler+0x1ca>
2000048c:	80919c23          	sh	s1,-2024(gp) # 20002168 <USBHS_SetupReqLen>
20000490:	8181d703          	lhu	a4,-2024(gp) # 20002168 <USBHS_SetupReqLen>
20000494:	03f00793          	li	a5,63
20000498:	04000b13          	li	s6,64
2000049c:	00e7e663          	bltu	a5,a4,200004a8 <USB2_DEVICE_IRQHandler+0x1e2>
200004a0:	8181db03          	lhu	s6,-2024(gp) # 20002168 <USBHS_SetupReqLen>
200004a4:	080b4b33          	zext.h	s6,s6
200004a8:	8201a483          	lw	s1,-2016(gp) # 20002170 <pUSBHS_Descr>
200004ac:	865a                	mv	a2,s6
200004ae:	210a0513          	addi	a0,s4,528
200004b2:	85a6                	mv	a1,s1
200004b4:	e0002097          	auipc	ra,0xe0002
200004b8:	c1e080e7          	jalr	-994(ra) # 20d2 <memcpy>
200004bc:	94da                	add	s1,s1,s6
200004be:	b739                	j	200003cc <USB2_DEVICE_IRQHandler+0x106>
200004c0:	80018923          	sb	zero,-2030(gp) # 20002162 <USBHS_DevSpeed>
200004c4:	04000713          	li	a4,64
200004c8:	bf61                	j	20000460 <USB2_DEVICE_IRQHandler+0x19a>
200004ca:	6791                	lui	a5,0x4
200004cc:	53078793          	addi	a5,a5,1328 # 4530 <MyCfgDescr_FS>
200004d0:	b755                	j	20000474 <USB2_DEVICE_IRQHandler+0x1ae>
200004d2:	81c1d783          	lhu	a5,-2020(gp) # 2000216c <USBHS_SetupReqValue>
200004d6:	4709                	li	a4,2
200004d8:	0ff7f793          	zext.b	a5,a5
200004dc:	02e78863          	beq	a5,a4,2000050c <USB2_DEVICE_IRQHandler+0x246>
200004e0:	00f76b63          	bltu	a4,a5,200004f6 <USB2_DEVICE_IRQHandler+0x230>
200004e4:	e385                	bnez	a5,20000504 <USB2_DEVICE_IRQHandler+0x23e>
200004e6:	80818793          	addi	a5,gp,-2040 # 20002158 <MyLangDescr>
200004ea:	0007c483          	lbu	s1,0(a5)
200004ee:	82f1a023          	sw	a5,-2016(gp) # 20002170 <pUSBHS_Descr>
200004f2:	4a81                	li	s5,0
200004f4:	bf41                	j	20000484 <USB2_DEVICE_IRQHandler+0x1be>
200004f6:	470d                	li	a4,3
200004f8:	00e78e63          	beq	a5,a4,20000514 <USB2_DEVICE_IRQHandler+0x24e>
200004fc:	4481                	li	s1,0
200004fe:	0ff00a93          	li	s5,255
20000502:	b749                	j	20000484 <USB2_DEVICE_IRQHandler+0x1be>
20000504:	6791                	lui	a5,0x4
20000506:	4dc78793          	addi	a5,a5,1244 # 44dc <MyManuInfo>
2000050a:	bf0d                	j	2000043c <USB2_DEVICE_IRQHandler+0x176>
2000050c:	6791                	lui	a5,0x4
2000050e:	4c478793          	addi	a5,a5,1220 # 44c4 <MyProdInfo>
20000512:	b72d                	j	2000043c <USB2_DEVICE_IRQHandler+0x176>
20000514:	6791                	lui	a5,0x4
20000516:	4ac78793          	addi	a5,a5,1196 # 44ac <MySerNumInfo>
2000051a:	b70d                	j	2000043c <USB2_DEVICE_IRQHandler+0x176>
2000051c:	6791                	lui	a5,0x4
2000051e:	4a078793          	addi	a5,a5,1184 # 44a0 <MyQuaDesc>
20000522:	bf29                	j	2000043c <USB2_DEVICE_IRQHandler+0x176>
20000524:	8121c683          	lbu	a3,-2030(gp) # 20002162 <USBHS_DevSpeed>
20000528:	4705                	li	a4,1
2000052a:	02e69f63          	bne	a3,a4,20000568 <USB2_DEVICE_IRQHandler+0x2a2>
2000052e:	6791                	lui	a5,0x4
20000530:	53078793          	addi	a5,a5,1328 # 4530 <MyCfgDescr_FS>
20000534:	0037c483          	lbu	s1,3(a5)
20000538:	0027c703          	lbu	a4,2(a5)
2000053c:	6591                	lui	a1,0x4
2000053e:	04a2                	slli	s1,s1,0x8
20000540:	8cd9                	or	s1,s1,a4
20000542:	20002537          	lui	a0,0x20002
20000546:	ffe48613          	addi	a2,s1,-2
2000054a:	53258593          	addi	a1,a1,1330 # 4532 <MyCfgDescr_FS+0x2>
2000054e:	06650513          	addi	a0,a0,102 # 20002066 <TAB_USB_HS_OSC_DESC+0x2>
20000552:	e0002097          	auipc	ra,0xe0002
20000556:	b80080e7          	jalr	-1152(ra) # 20d2 <memcpy>
2000055a:	200027b7          	lui	a5,0x20002
2000055e:	06478793          	addi	a5,a5,100 # 20002064 <TAB_USB_HS_OSC_DESC>
20000562:	82f1a023          	sw	a5,-2016(gp) # 20002170 <pUSBHS_Descr>
20000566:	bf39                	j	20000484 <USB2_DEVICE_IRQHandler+0x1be>
20000568:	8121c783          	lbu	a5,-2030(gp) # 20002162 <USBHS_DevSpeed>
2000056c:	0ff7fa93          	zext.b	s5,a5
20000570:	f7d1                	bnez	a5,200004fc <USB2_DEVICE_IRQHandler+0x236>
20000572:	6791                	lui	a5,0x4
20000574:	4ec78793          	addi	a5,a5,1260 # 44ec <MyCfgDescr_HS>
20000578:	0037c483          	lbu	s1,3(a5)
2000057c:	0027c703          	lbu	a4,2(a5)
20000580:	6591                	lui	a1,0x4
20000582:	04a2                	slli	s1,s1,0x8
20000584:	8cd9                	or	s1,s1,a4
20000586:	20002537          	lui	a0,0x20002
2000058a:	ffe48613          	addi	a2,s1,-2
2000058e:	4ee58593          	addi	a1,a1,1262 # 44ee <MyCfgDescr_HS+0x2>
20000592:	0aa50513          	addi	a0,a0,170 # 200020aa <TAB_USB_FS_OSC_DESC+0x2>
20000596:	e0002097          	auipc	ra,0xe0002
2000059a:	b3c080e7          	jalr	-1220(ra) # 20d2 <memcpy>
2000059e:	200027b7          	lui	a5,0x20002
200005a2:	0a878793          	addi	a5,a5,168 # 200020a8 <TAB_USB_FS_OSC_DESC>
200005a6:	bf75                	j	20000562 <USB2_DEVICE_IRQHandler+0x29c>
200005a8:	81c1d783          	lhu	a5,-2020(gp) # 2000216c <USBHS_SetupReqValue>
200005ac:	0ff7f793          	zext.b	a5,a5
200005b0:	80f18b23          	sb	a5,-2026(gp) # 20002166 <USBHS_DevAddr>
200005b4:	81e1c783          	lbu	a5,-2018(gp) # 2000216e <USBHS_SetupReqType>
200005b8:	60479793          	sext.b	a5,a5
200005bc:	2807dd63          	bgez	a5,20000856 <USB2_DEVICE_IRQHandler+0x590>
200005c0:	8181d703          	lhu	a4,-2024(gp) # 20002168 <USBHS_SetupReqLen>
200005c4:	04000793          	li	a5,64
200005c8:	00e7e663          	bltu	a5,a4,200005d4 <USB2_DEVICE_IRQHandler+0x30e>
200005cc:	8181d783          	lhu	a5,-2024(gp) # 20002168 <USBHS_SetupReqLen>
200005d0:	0807c7b3          	zext.h	a5,a5
200005d4:	8181d703          	lhu	a4,-2024(gp) # 20002168 <USBHS_SetupReqLen>
200005d8:	8f1d                	sub	a4,a4,a5
200005da:	08074733          	zext.h	a4,a4
200005de:	80e19c23          	sh	a4,-2024(gp) # 20002168 <USBHS_SetupReqLen>
200005e2:	40009737          	lui	a4,0x40009
200005e6:	08f71e23          	sh	a5,156(a4) # 4000909c <_eusrstack+0x1ffe909c>
200005ea:	4799                	li	a5,6
200005ec:	08f70f23          	sb	a5,158(a4)
200005f0:	40009737          	lui	a4,0x40009
200005f4:	09f74783          	lbu	a5,159(a4) # 4000909f <_eusrstack+0x1ffe909f>
200005f8:	07f7f793          	andi	a5,a5,127
200005fc:	08f70fa3          	sb	a5,159(a4)
20000600:	b311                	j	20000304 <USB2_DEVICE_IRQHandler+0x3e>
20000602:	8171c783          	lbu	a5,-2025(gp) # 20002167 <USBHS_DevConfig>
20000606:	00f60023          	sb	a5,0(a2)
2000060a:	8181d703          	lhu	a4,-2024(gp) # 20002168 <USBHS_SetupReqLen>
2000060e:	4785                	li	a5,1
20000610:	fae7f2e3          	bgeu	a5,a4,200005b4 <USB2_DEVICE_IRQHandler+0x2ee>
20000614:	80f19c23          	sh	a5,-2024(gp) # 20002168 <USBHS_SetupReqLen>
20000618:	bf71                	j	200005b4 <USB2_DEVICE_IRQHandler+0x2ee>
2000061a:	81c1d783          	lhu	a5,-2020(gp) # 2000216c <USBHS_SetupReqValue>
2000061e:	0ff7f793          	zext.b	a5,a5
20000622:	80f18ba3          	sb	a5,-2025(gp) # 20002167 <USBHS_DevConfig>
20000626:	4705                	li	a4,1
20000628:	80e18823          	sb	a4,-2032(gp) # 20002160 <USBHS_DevEnumStatus>
2000062c:	b761                	j	200005b4 <USB2_DEVICE_IRQHandler+0x2ee>
2000062e:	81e1c783          	lbu	a5,-2018(gp) # 2000216e <USBHS_SetupReqType>
20000632:	8bfd                	andi	a5,a5,31
20000634:	ef99                	bnez	a5,20000652 <USB2_DEVICE_IRQHandler+0x38c>
20000636:	81c1d783          	lhu	a5,-2020(gp) # 2000216c <USBHS_SetupReqValue>
2000063a:	4705                	li	a4,1
2000063c:	0ff7f793          	zext.b	a5,a5
20000640:	20e79363          	bne	a5,a4,20000846 <USB2_DEVICE_IRQHandler+0x580>
20000644:	8111c783          	lbu	a5,-2031(gp) # 20002161 <USBHS_DevSleepStatus>
20000648:	0fe7f793          	andi	a5,a5,254
2000064c:	80f188a3          	sb	a5,-2031(gp) # 20002161 <USBHS_DevSleepStatus>
20000650:	b795                	j	200005b4 <USB2_DEVICE_IRQHandler+0x2ee>
20000652:	81e1c603          	lbu	a2,-2018(gp) # 2000216e <USBHS_SetupReqType>
20000656:	4789                	li	a5,2
20000658:	8a7d                	andi	a2,a2,31
2000065a:	1ef61663          	bne	a2,a5,20000846 <USB2_DEVICE_IRQHandler+0x580>
2000065e:	81c1d783          	lhu	a5,-2020(gp) # 2000216c <USBHS_SetupReqValue>
20000662:	0ff7f793          	zext.b	a5,a5
20000666:	1e079063          	bnez	a5,20000846 <USB2_DEVICE_IRQHandler+0x580>
2000066a:	81a1d783          	lhu	a5,-2022(gp) # 2000216a <USBHS_SetupReqIndex>
2000066e:	08200713          	li	a4,130
20000672:	0ff7f793          	zext.b	a5,a5
20000676:	00e78d63          	beq	a5,a4,20000690 <USB2_DEVICE_IRQHandler+0x3ca>
2000067a:	08300713          	li	a4,131
2000067e:	00e78e63          	beq	a5,a4,2000069a <USB2_DEVICE_IRQHandler+0x3d4>
20000682:	1cc79263          	bne	a5,a2,20000846 <USB2_DEVICE_IRQHandler+0x580>
20000686:	40009737          	lui	a4,0x40009
2000068a:	0af703a3          	sb	a5,167(a4) # 400090a7 <_eusrstack+0x1ffe90a7>
2000068e:	b71d                	j	200005b4 <USB2_DEVICE_IRQHandler+0x2ee>
20000690:	400097b7          	lui	a5,0x40009
20000694:	0a078323          	sb	zero,166(a5) # 400090a6 <_eusrstack+0x1ffe90a6>
20000698:	bf31                	j	200005b4 <USB2_DEVICE_IRQHandler+0x2ee>
2000069a:	400097b7          	lui	a5,0x40009
2000069e:	0a078523          	sb	zero,170(a5) # 400090aa <_eusrstack+0x1ffe90aa>
200006a2:	bf09                	j	200005b4 <USB2_DEVICE_IRQHandler+0x2ee>
200006a4:	81e1c783          	lbu	a5,-2018(gp) # 2000216e <USBHS_SetupReqType>
200006a8:	8bfd                	andi	a5,a5,31
200006aa:	ebc1                	bnez	a5,2000073a <USB2_DEVICE_IRQHandler+0x474>
200006ac:	81c1d783          	lhu	a5,-2020(gp) # 2000216c <USBHS_SetupReqValue>
200006b0:	4605                	li	a2,1
200006b2:	0ff7f793          	zext.b	a5,a5
200006b6:	02c79c63          	bne	a5,a2,200006ee <USB2_DEVICE_IRQHandler+0x428>
200006ba:	8121c683          	lbu	a3,-2030(gp) # 20002162 <USBHS_DevSpeed>
200006be:	00f69863          	bne	a3,a5,200006ce <USB2_DEVICE_IRQHandler+0x408>
200006c2:	6791                	lui	a5,0x4
200006c4:	4f37c783          	lbu	a5,1267(a5) # 44f3 <MyCfgDescr_HS+0x7>
200006c8:	0207f793          	andi	a5,a5,32
200006cc:	ef81                	bnez	a5,200006e4 <USB2_DEVICE_IRQHandler+0x41e>
200006ce:	8121c783          	lbu	a5,-2030(gp) # 20002162 <USBHS_DevSpeed>
200006d2:	16079a63          	bnez	a5,20000846 <USB2_DEVICE_IRQHandler+0x580>
200006d6:	6791                	lui	a5,0x4
200006d8:	5377c783          	lbu	a5,1335(a5) # 4537 <MyCfgDescr_FS+0x7>
200006dc:	0207f793          	andi	a5,a5,32
200006e0:	16078363          	beqz	a5,20000846 <USB2_DEVICE_IRQHandler+0x580>
200006e4:	8111c783          	lbu	a5,-2031(gp) # 20002161 <USBHS_DevSleepStatus>
200006e8:	0017e793          	ori	a5,a5,1
200006ec:	b785                	j	2000064c <USB2_DEVICE_IRQHandler+0x386>
200006ee:	81c1d783          	lhu	a5,-2020(gp) # 2000216c <USBHS_SetupReqValue>
200006f2:	4709                	li	a4,2
200006f4:	0ff7f793          	zext.b	a5,a5
200006f8:	14e79763          	bne	a5,a4,20000846 <USB2_DEVICE_IRQHandler+0x580>
200006fc:	81a1d703          	lhu	a4,-2022(gp) # 2000216a <USBHS_SetupReqIndex>
20000700:	10000793          	li	a5,256
20000704:	02f70463          	beq	a4,a5,2000072c <USB2_DEVICE_IRQHandler+0x466>
20000708:	81a1d703          	lhu	a4,-2022(gp) # 2000216a <USBHS_SetupReqIndex>
2000070c:	20000793          	li	a5,512
20000710:	00f70e63          	beq	a4,a5,2000072c <USB2_DEVICE_IRQHandler+0x466>
20000714:	81a1d703          	lhu	a4,-2022(gp) # 2000216a <USBHS_SetupReqIndex>
20000718:	30000793          	li	a5,768
2000071c:	00f70863          	beq	a4,a5,2000072c <USB2_DEVICE_IRQHandler+0x466>
20000720:	81a1d703          	lhu	a4,-2022(gp) # 2000216a <USBHS_SetupReqIndex>
20000724:	40000793          	li	a5,1024
20000728:	e8f716e3          	bne	a4,a5,200005b4 <USB2_DEVICE_IRQHandler+0x2ee>
2000072c:	8241c783          	lbu	a5,-2012(gp) # 20002174 <USBHS_Test_Flag>
20000730:	0807e793          	ori	a5,a5,128
20000734:	82f18223          	sb	a5,-2012(gp) # 20002174 <USBHS_Test_Flag>
20000738:	bdb5                	j	200005b4 <USB2_DEVICE_IRQHandler+0x2ee>
2000073a:	81e1c603          	lbu	a2,-2018(gp) # 2000216e <USBHS_SetupReqType>
2000073e:	4789                	li	a5,2
20000740:	8a7d                	andi	a2,a2,31
20000742:	e6f619e3          	bne	a2,a5,200005b4 <USB2_DEVICE_IRQHandler+0x2ee>
20000746:	81c1d783          	lhu	a5,-2020(gp) # 2000216c <USBHS_SetupReqValue>
2000074a:	0ff7f793          	zext.b	a5,a5
2000074e:	e60793e3          	bnez	a5,200005b4 <USB2_DEVICE_IRQHandler+0x2ee>
20000752:	81a1d783          	lhu	a5,-2022(gp) # 2000216a <USBHS_SetupReqIndex>
20000756:	08200713          	li	a4,130
2000075a:	0ff7f793          	zext.b	a5,a5
2000075e:	02e78163          	beq	a5,a4,20000780 <USB2_DEVICE_IRQHandler+0x4ba>
20000762:	08300713          	li	a4,131
20000766:	02e78863          	beq	a5,a4,20000796 <USB2_DEVICE_IRQHandler+0x4d0>
2000076a:	0cc79e63          	bne	a5,a2,20000846 <USB2_DEVICE_IRQHandler+0x580>
2000076e:	40009737          	lui	a4,0x40009
20000772:	0a774783          	lbu	a5,167(a4) # 400090a7 <_eusrstack+0x1ffe90a7>
20000776:	0fc7f793          	andi	a5,a5,252
2000077a:	0017e793          	ori	a5,a5,1
2000077e:	b731                	j	2000068a <USB2_DEVICE_IRQHandler+0x3c4>
20000780:	40009737          	lui	a4,0x40009
20000784:	0a674783          	lbu	a5,166(a4) # 400090a6 <_eusrstack+0x1ffe90a6>
20000788:	0fc7f793          	andi	a5,a5,252
2000078c:	0017e793          	ori	a5,a5,1
20000790:	0af70323          	sb	a5,166(a4)
20000794:	b505                	j	200005b4 <USB2_DEVICE_IRQHandler+0x2ee>
20000796:	40009737          	lui	a4,0x40009
2000079a:	0aa74783          	lbu	a5,170(a4) # 400090aa <_eusrstack+0x1ffe90aa>
2000079e:	0fc7f793          	andi	a5,a5,252
200007a2:	0017e793          	ori	a5,a5,1
200007a6:	0af70523          	sb	a5,170(a4)
200007aa:	b529                	j	200005b4 <USB2_DEVICE_IRQHandler+0x2ee>
200007ac:	00060023          	sb	zero,0(a2)
200007b0:	bda9                	j	2000060a <USB2_DEVICE_IRQHandler+0x344>
200007b2:	81e1c783          	lbu	a5,-2018(gp) # 2000216e <USBHS_SetupReqType>
200007b6:	200a1823          	sh	zero,528(s4)
200007ba:	4709                	li	a4,2
200007bc:	8bfd                	andi	a5,a5,31
200007be:	06e79363          	bne	a5,a4,20000824 <USB2_DEVICE_IRQHandler+0x55e>
200007c2:	81a1d703          	lhu	a4,-2022(gp) # 2000216a <USBHS_SetupReqIndex>
200007c6:	08200693          	li	a3,130
200007ca:	0ff77713          	zext.b	a4,a4
200007ce:	02d70963          	beq	a4,a3,20000800 <USB2_DEVICE_IRQHandler+0x53a>
200007d2:	08300693          	li	a3,131
200007d6:	04d70263          	beq	a4,a3,2000081a <USB2_DEVICE_IRQHandler+0x554>
200007da:	06f71063          	bne	a4,a5,2000083a <USB2_DEVICE_IRQHandler+0x574>
200007de:	400097b7          	lui	a5,0x40009
200007e2:	0a77c783          	lbu	a5,167(a5) # 400090a7 <_eusrstack+0x1ffe90a7>
200007e6:	4685                	li	a3,1
200007e8:	8b8d                	andi	a5,a5,3
200007ea:	00d79463          	bne	a5,a3,200007f2 <USB2_DEVICE_IRQHandler+0x52c>
200007ee:	00f60023          	sb	a5,0(a2)
200007f2:	8181d783          	lhu	a5,-2024(gp) # 20002168 <USBHS_SetupReqLen>
200007f6:	daf77fe3          	bgeu	a4,a5,200005b4 <USB2_DEVICE_IRQHandler+0x2ee>
200007fa:	80e19c23          	sh	a4,-2024(gp) # 20002168 <USBHS_SetupReqLen>
200007fe:	bb5d                	j	200005b4 <USB2_DEVICE_IRQHandler+0x2ee>
20000800:	40009737          	lui	a4,0x40009
20000804:	0a674703          	lbu	a4,166(a4) # 400090a6 <_eusrstack+0x1ffe90a6>
20000808:	8b0d                	andi	a4,a4,3
2000080a:	4685                	li	a3,1
2000080c:	00d71463          	bne	a4,a3,20000814 <USB2_DEVICE_IRQHandler+0x54e>
20000810:	00e60023          	sb	a4,0(a2)
20000814:	8181d703          	lhu	a4,-2024(gp) # 20002168 <USBHS_SetupReqLen>
20000818:	bbe5                	j	20000610 <USB2_DEVICE_IRQHandler+0x34a>
2000081a:	40009737          	lui	a4,0x40009
2000081e:	0aa74703          	lbu	a4,170(a4) # 400090aa <_eusrstack+0x1ffe90aa>
20000822:	b7dd                	j	20000808 <USB2_DEVICE_IRQHandler+0x542>
20000824:	81e1c783          	lbu	a5,-2018(gp) # 2000216e <USBHS_SetupReqType>
20000828:	8bfd                	andi	a5,a5,31
2000082a:	f7e1                	bnez	a5,200007f2 <USB2_DEVICE_IRQHandler+0x52c>
2000082c:	8111c783          	lbu	a5,-2031(gp) # 20002161 <USBHS_DevSleepStatus>
20000830:	8b85                	andi	a5,a5,1
20000832:	d3e1                	beqz	a5,200007f2 <USB2_DEVICE_IRQHandler+0x52c>
20000834:	00e60023          	sb	a4,0(a2)
20000838:	bf6d                	j	200007f2 <USB2_DEVICE_IRQHandler+0x52c>
2000083a:	8181d703          	lhu	a4,-2024(gp) # 20002168 <USBHS_SetupReqLen>
2000083e:	00e7f463          	bgeu	a5,a4,20000846 <USB2_DEVICE_IRQHandler+0x580>
20000842:	80f19c23          	sh	a5,-2024(gp) # 20002168 <USBHS_SetupReqLen>
20000846:	400097b7          	lui	a5,0x40009
2000084a:	4715                	li	a4,5
2000084c:	08e78f23          	sb	a4,158(a5) # 4000909e <_eusrstack+0x1ffe909e>
20000850:	08e78fa3          	sb	a4,159(a5)
20000854:	bb71                	j	200005f0 <USB2_DEVICE_IRQHandler+0x32a>
20000856:	8181d783          	lhu	a5,-2024(gp) # 20002168 <USBHS_SetupReqLen>
2000085a:	eb89                	bnez	a5,2000086c <USB2_DEVICE_IRQHandler+0x5a6>
2000085c:	400097b7          	lui	a5,0x40009
20000860:	08079e23          	sh	zero,156(a5) # 4000909c <_eusrstack+0x1ffe909c>
20000864:	4719                	li	a4,6
20000866:	08e78f23          	sb	a4,158(a5)
2000086a:	b359                	j	200005f0 <USB2_DEVICE_IRQHandler+0x32a>
2000086c:	400097b7          	lui	a5,0x40009
20000870:	4719                	li	a4,6
20000872:	bff9                	j	20000850 <USB2_DEVICE_IRQHandler+0x58a>
20000874:	08048fa3          	sb	zero,159(s1)
20000878:	07c4d783          	lhu	a5,124(s1)
2000087c:	81e1c783          	lbu	a5,-2018(gp) # 2000216e <USBHS_SetupReqType>
20000880:	0607f793          	andi	a5,a5,96
20000884:	c3b5                	beqz	a5,200008e8 <USB2_DEVICE_IRQHandler+0x622>
20000886:	80019c23          	sh	zero,-2024(gp) # 20002168 <USBHS_SetupReqLen>
2000088a:	81f1c703          	lbu	a4,-2017(gp) # 2000216f <USBHS_SetupReqCode>
2000088e:	02000793          	li	a5,32
20000892:	04f71b63          	bne	a4,a5,200008e8 <USB2_DEVICE_IRQHandler+0x622>
20000896:	20003737          	lui	a4,0x20003
2000089a:	21070713          	addi	a4,a4,528 # 20003210 <USBHS_EP0_Buf>
2000089e:	00074683          	lbu	a3,0(a4)
200008a2:	0a018793          	addi	a5,gp,160 # 200029f0 <CDC>
200008a6:	00d78323          	sb	a3,6(a5) # 40009006 <_eusrstack+0x1ffe9006>
200008aa:	00174683          	lbu	a3,1(a4)
200008ae:	00d783a3          	sb	a3,7(a5)
200008b2:	00274683          	lbu	a3,2(a4)
200008b6:	00d78423          	sb	a3,8(a5)
200008ba:	00374683          	lbu	a3,3(a4)
200008be:	00d784a3          	sb	a3,9(a5)
200008c2:	00474683          	lbu	a3,4(a4)
200008c6:	00d78523          	sb	a3,10(a5)
200008ca:	00574683          	lbu	a3,5(a4)
200008ce:	00674703          	lbu	a4,6(a4)
200008d2:	00d785a3          	sb	a3,11(a5)
200008d6:	00e78623          	sb	a4,12(a5)
200008da:	4779                	li	a4,30
200008dc:	00e786a3          	sb	a4,13(a5)
200008e0:	e0002097          	auipc	ra,0xe0002
200008e4:	848080e7          	jalr	-1976(ra) # 2128 <UART2_USB_Init>
200008e8:	8181d783          	lhu	a5,-2024(gp) # 20002168 <USBHS_SetupReqLen>
200008ec:	d00792e3          	bnez	a5,200005f0 <USB2_DEVICE_IRQHandler+0x32a>
200008f0:	b7b5                	j	2000085c <USB2_DEVICE_IRQHandler+0x596>
200008f2:	0844d703          	lhu	a4,132(s1)
200008f6:	0a018793          	addi	a5,gp,160 # 200029f0 <CDC>
200008fa:	0ff77693          	zext.b	a3,a4
200008fe:	0027c603          	lbu	a2,2(a5)
20000902:	8321                	srli	a4,a4,0x8
20000904:	00d78123          	sb	a3,2(a5)
20000908:	0037c683          	lbu	a3,3(a5)
2000090c:	00e781a3          	sb	a4,3(a5)
20000910:	0a74c783          	lbu	a5,167(s1)
20000914:	0047c793          	xori	a5,a5,4
20000918:	0af483a3          	sb	a5,167(s1)
2000091c:	0a74c783          	lbu	a5,167(s1)
20000920:	0fc7f793          	andi	a5,a5,252
20000924:	0af483a3          	sb	a5,167(s1)
20000928:	0a74c783          	lbu	a5,167(s1)
2000092c:	07f7f793          	andi	a5,a5,127
20000930:	0af483a3          	sb	a5,167(s1)
20000934:	bac1                	j	20000304 <USB2_DEVICE_IRQHandler+0x3e>
20000936:	4789                	li	a5,2
20000938:	0ef90163          	beq	s2,a5,20000a1a <USB2_DEVICE_IRQHandler+0x754>
2000093c:	478d                	li	a5,3
2000093e:	10f90f63          	beq	s2,a5,20000a5c <USB2_DEVICE_IRQHandler+0x796>
20000942:	9c0911e3          	bnez	s2,20000304 <USB2_DEVICE_IRQHandler+0x3e>
20000946:	8181d783          	lhu	a5,-2024(gp) # 20002168 <USBHS_SetupReqLen>
2000094a:	e781                	bnez	a5,20000952 <USB2_DEVICE_IRQHandler+0x68c>
2000094c:	4799                	li	a5,6
2000094e:	08f48fa3          	sb	a5,159(s1)
20000952:	81e1c783          	lbu	a5,-2018(gp) # 2000216e <USBHS_SetupReqType>
20000956:	0607f793          	andi	a5,a5,96
2000095a:	efbd                	bnez	a5,200009d8 <USB2_DEVICE_IRQHandler+0x712>
2000095c:	81f1c783          	lbu	a5,-2017(gp) # 2000216f <USBHS_SetupReqCode>
20000960:	4695                	li	a3,5
20000962:	0ff7f713          	zext.b	a4,a5
20000966:	08d78c63          	beq	a5,a3,200009fe <USB2_DEVICE_IRQHandler+0x738>
2000096a:	4799                	li	a5,6
2000096c:	0af71263          	bne	a4,a5,20000a10 <USB2_DEVICE_IRQHandler+0x74a>
20000970:	8181d703          	lhu	a4,-2024(gp) # 20002168 <USBHS_SetupReqLen>
20000974:	03f00793          	li	a5,63
20000978:	04000413          	li	s0,64
2000097c:	00e7e663          	bltu	a5,a4,20000988 <USB2_DEVICE_IRQHandler+0x6c2>
20000980:	8181d403          	lhu	s0,-2024(gp) # 20002168 <USBHS_SetupReqLen>
20000984:	08044433          	zext.h	s0,s0
20000988:	8201a483          	lw	s1,-2016(gp) # 20002170 <pUSBHS_Descr>
2000098c:	20003537          	lui	a0,0x20003
20000990:	8622                	mv	a2,s0
20000992:	85a6                	mv	a1,s1
20000994:	21050513          	addi	a0,a0,528 # 20003210 <USBHS_EP0_Buf>
20000998:	e0001097          	auipc	ra,0xe0001
2000099c:	73a080e7          	jalr	1850(ra) # 20d2 <memcpy>
200009a0:	8181d783          	lhu	a5,-2024(gp) # 20002168 <USBHS_SetupReqLen>
200009a4:	94a2                	add	s1,s1,s0
200009a6:	8291a023          	sw	s1,-2016(gp) # 20002170 <pUSBHS_Descr>
200009aa:	8f81                	sub	a5,a5,s0
200009ac:	0807c7b3          	zext.h	a5,a5
200009b0:	80f19c23          	sh	a5,-2024(gp) # 20002168 <USBHS_SetupReqLen>
200009b4:	400097b7          	lui	a5,0x40009
200009b8:	08879e23          	sh	s0,156(a5) # 4000909c <_eusrstack+0x1ffe909c>
200009bc:	09e7c703          	lbu	a4,158(a5)
200009c0:	00474713          	xori	a4,a4,4
200009c4:	08e78f23          	sb	a4,158(a5)
200009c8:	09e7c703          	lbu	a4,158(a5)
200009cc:	0fc77713          	andi	a4,a4,252
200009d0:	00276713          	ori	a4,a4,2
200009d4:	08e78f23          	sb	a4,158(a5)
200009d8:	8241c783          	lbu	a5,-2012(gp) # 20002174 <USBHS_Test_Flag>
200009dc:	60479793          	sext.b	a5,a5
200009e0:	0007d663          	bgez	a5,200009ec <USB2_DEVICE_IRQHandler+0x726>
200009e4:	e0001097          	auipc	ra,0xe0001
200009e8:	774080e7          	jalr	1908(ra) # 2158 <USB_TestMode_Deal>
200009ec:	40009737          	lui	a4,0x40009
200009f0:	09e74783          	lbu	a5,158(a4) # 4000909e <_eusrstack+0x1ffe909e>
200009f4:	07f7f793          	andi	a5,a5,127
200009f8:	08f70f23          	sb	a5,158(a4)
200009fc:	b221                	j	20000304 <USB2_DEVICE_IRQHandler+0x3e>
200009fe:	8161c783          	lbu	a5,-2026(gp) # 20002166 <USBHS_DevAddr>
20000a02:	40009737          	lui	a4,0x40009
20000a06:	0ff7f793          	zext.b	a5,a5
20000a0a:	00f701a3          	sb	a5,3(a4) # 40009003 <_eusrstack+0x1ffe9003>
20000a0e:	b7e9                	j	200009d8 <USB2_DEVICE_IRQHandler+0x712>
20000a10:	400097b7          	lui	a5,0x40009
20000a14:	08079e23          	sh	zero,156(a5) # 4000909c <_eusrstack+0x1ffe909c>
20000a18:	b7c1                	j	200009d8 <USB2_DEVICE_IRQHandler+0x712>
20000a1a:	0a049223          	sh	zero,164(s1)
20000a1e:	0a64c783          	lbu	a5,166(s1)
20000a22:	0047c793          	xori	a5,a5,4
20000a26:	0af48323          	sb	a5,166(s1)
20000a2a:	0a64c783          	lbu	a5,166(s1)
20000a2e:	0fc7f793          	andi	a5,a5,252
20000a32:	0af48323          	sb	a5,166(s1)
20000a36:	0b018793          	addi	a5,gp,176 # 20002a00 <USBHS_Endp_Busy>
20000a3a:	0027c703          	lbu	a4,2(a5)
20000a3e:	0fe77713          	andi	a4,a4,254
20000a42:	00e78123          	sb	a4,2(a5)
20000a46:	0a018793          	addi	a5,gp,160 # 200029f0 <CDC>
20000a4a:	00078223          	sb	zero,4(a5)
20000a4e:	0a64c783          	lbu	a5,166(s1)
20000a52:	07f7f793          	andi	a5,a5,127
20000a56:	0af48323          	sb	a5,166(s1)
20000a5a:	b06d                	j	20000304 <USB2_DEVICE_IRQHandler+0x3e>
20000a5c:	0aa4c783          	lbu	a5,170(s1)
20000a60:	0fc7f793          	andi	a5,a5,252
20000a64:	0af48523          	sb	a5,170(s1)
20000a68:	0aa4c783          	lbu	a5,170(s1)
20000a6c:	0047c793          	xori	a5,a5,4
20000a70:	0af48523          	sb	a5,170(s1)
20000a74:	0b018793          	addi	a5,gp,176 # 20002a00 <USBHS_Endp_Busy>
20000a78:	0037c703          	lbu	a4,3(a5)
20000a7c:	0fe77713          	andi	a4,a4,254
20000a80:	00e781a3          	sb	a4,3(a5)
20000a84:	0aa4c783          	lbu	a5,170(s1)
20000a88:	07f7f793          	andi	a5,a5,127
20000a8c:	0af48523          	sb	a5,170(s1)
20000a90:	875ff06f          	j	20000304 <USB2_DEVICE_IRQHandler+0x3e>
20000a94:	04077793          	andi	a5,a4,64
20000a98:	c799                	beqz	a5,20000aa6 <USB2_DEVICE_IRQHandler+0x7e0>
20000a9a:	04000793          	li	a5,64
20000a9e:	00f48423          	sb	a5,8(s1)
20000aa2:	863ff06f          	j	20000304 <USB2_DEVICE_IRQHandler+0x3e>
20000aa6:	00277793          	andi	a5,a4,2
20000aaa:	cb95                	beqz	a5,20000ade <USB2_DEVICE_IRQHandler+0x818>
20000aac:	4789                	li	a5,2
20000aae:	00f48423          	sb	a5,8(s1)
20000ab2:	00a4c703          	lbu	a4,10(s1)
20000ab6:	8b11                	andi	a4,a4,4
20000ab8:	cb19                	beqz	a4,20000ace <USB2_DEVICE_IRQHandler+0x808>
20000aba:	8111c703          	lbu	a4,-2031(gp) # 20002161 <USBHS_DevSleepStatus>
20000abe:	00276713          	ori	a4,a4,2
20000ac2:	80e188a3          	sb	a4,-2031(gp) # 20002161 <USBHS_DevSleepStatus>
20000ac6:	8111c783          	lbu	a5,-2031(gp) # 20002161 <USBHS_DevSleepStatus>
20000aca:	83bff06f          	j	20000304 <USB2_DEVICE_IRQHandler+0x3e>
20000ace:	8111c703          	lbu	a4,-2031(gp) # 20002161 <USBHS_DevSleepStatus>
20000ad2:	0fd77713          	andi	a4,a4,253
20000ad6:	80e188a3          	sb	a4,-2031(gp) # 20002161 <USBHS_DevSleepStatus>
20000ada:	82bff06f          	j	20000304 <USB2_DEVICE_IRQHandler+0x3e>
20000ade:	00177793          	andi	a5,a4,1
20000ae2:	c38d                	beqz	a5,20000b04 <USB2_DEVICE_IRQHandler+0x83e>
20000ae4:	80018ba3          	sb	zero,-2025(gp) # 20002167 <USBHS_DevConfig>
20000ae8:	80018b23          	sb	zero,-2026(gp) # 20002166 <USBHS_DevAddr>
20000aec:	800188a3          	sb	zero,-2031(gp) # 20002161 <USBHS_DevSleepStatus>
20000af0:	80018823          	sb	zero,-2032(gp) # 20002160 <USBHS_DevEnumStatus>
20000af4:	000481a3          	sb	zero,3(s1)
20000af8:	e0001097          	auipc	ra,0xe0001
20000afc:	730080e7          	jalr	1840(ra) # 2228 <USBHS_Device_Endp_Init>
20000b00:	4785                	li	a5,1
20000b02:	bf71                	j	20000a9e <USB2_DEVICE_IRQHandler+0x7d8>
20000b04:	00e48423          	sb	a4,8(s1)
20000b08:	ffcff06f          	j	20000304 <USB2_DEVICE_IRQHandler+0x3e>

20000b0c <App_CDC_ByteFromHost>:
20000b0c:	e0001317          	auipc	t1,0xe0001
20000b10:	566302e7          	jalr	t0,1382(t1) # 2072 <__riscv_save_12>
20000b14:	715d                	addi	sp,sp,-80
20000b16:	00b507b3          	add	a5,a0,a1
20000b1a:	84aa                	mv	s1,a0
20000b1c:	c43e                	sw	a5,8(sp)
20000b1e:	02b00b93          	li	s7,43
20000b22:	40005937          	lui	s2,0x40005
20000b26:	6d91                	lui	s11,0x4
20000b28:	20005c37          	lui	s8,0x20005
20000b2c:	47a2                	lw	a5,8(sp)
20000b2e:	00f49763          	bne	s1,a5,20000b3c <App_CDC_ByteFromHost+0x30>
20000b32:	6161                	addi	sp,sp,80
20000b34:	e0001317          	auipc	t1,0xe0001
20000b38:	57a30067          	jr	1402(t1) # 20ae <__riscv_restore_12>
20000b3c:	0004c783          	lbu	a5,0(s1)
20000b40:	60479693          	sext.b	a3,a5
20000b44:	00d10da3          	sb	a3,27(sp)
20000b48:	4b778d63          	beq	a5,s7,20001002 <App_CDC_ByteFromHost+0x4f6>
20000b4c:	04fbe463          	bltu	s7,a5,20000b94 <App_CDC_ByteFromHost+0x88>
20000b50:	4721                	li	a4,8
20000b52:	06e78863          	beq	a5,a4,20000bc2 <App_CDC_ByteFromHost+0xb6>
20000b56:	4729                	li	a4,10
20000b58:	08e78b63          	beq	a5,a4,20000bee <App_CDC_ByteFromHost+0xe2>
20000b5c:	8301a703          	lw	a4,-2000(gp) # 20002180 <uart_rx_length>
20000b60:	3ff00613          	li	a2,1023
20000b64:	04e66963          	bltu	a2,a4,20000bb6 <App_CDC_ByteFromHost+0xaa>
20000b68:	1781                	addi	a5,a5,-32
20000b6a:	0ff7f793          	zext.b	a5,a5
20000b6e:	05e00613          	li	a2,94
20000b72:	00f67563          	bgeu	a2,a5,20000b7c <App_CDC_ByteFromHost+0x70>
20000b76:	47a5                	li	a5,9
20000b78:	02f69f63          	bne	a3,a5,20000bb6 <App_CDC_ByteFromHost+0xaa>
20000b7c:	00170613          	addi	a2,a4,1
20000b80:	82c1a823          	sw	a2,-2000(gp) # 20002180 <uart_rx_length>
20000b84:	200057b7          	lui	a5,0x20005
20000b88:	c5078793          	addi	a5,a5,-944 # 20004c50 <uart_rx_buf>
20000b8c:	97ba                	add	a5,a5,a4
20000b8e:	00d78023          	sb	a3,0(a5)
20000b92:	a015                	j	20000bb6 <App_CDC_ByteFromHost+0xaa>
20000b94:	02d00713          	li	a4,45
20000b98:	48e78563          	beq	a5,a4,20001022 <App_CDC_ByteFromHost+0x516>
20000b9c:	8301a703          	lw	a4,-2000(gp) # 20002180 <uart_rx_length>
20000ba0:	3ff00613          	li	a2,1023
20000ba4:	00e66963          	bltu	a2,a4,20000bb6 <App_CDC_ByteFromHost+0xaa>
20000ba8:	1781                	addi	a5,a5,-32
20000baa:	0ff7f793          	zext.b	a5,a5
20000bae:	05e00613          	li	a2,94
20000bb2:	fcf675e3          	bgeu	a2,a5,20000b7c <App_CDC_ByteFromHost+0x70>
20000bb6:	4585                	li	a1,1
20000bb8:	01b10513          	addi	a0,sp,27
20000bbc:	e94ff0ef          	jal	ra,20000250 <USB_CDC_Send>
20000bc0:	a02d                	j	20000bea <App_CDC_ByteFromHost+0xde>
20000bc2:	8301a603          	lw	a2,-2000(gp) # 20002180 <uart_rx_length>
20000bc6:	320d8593          	addi	a1,s11,800 # 4320 <_malloc_usable_size_r+0x62>
20000bca:	a50c0513          	addi	a0,s8,-1456 # 20004a50 <local_tx_buf>
20000bce:	e0003097          	auipc	ra,0xe0003
20000bd2:	860080e7          	jalr	-1952(ra) # 342e <sprintf>
20000bd6:	85aa                	mv	a1,a0
20000bd8:	a50c0513          	addi	a0,s8,-1456
20000bdc:	e74ff0ef          	jal	ra,20000250 <USB_CDC_Send>
20000be0:	8301a783          	lw	a5,-2000(gp) # 20002180 <uart_rx_length>
20000be4:	c399                	beqz	a5,20000bea <App_CDC_ByteFromHost+0xde>
20000be6:	8201a823          	sw	zero,-2000(gp) # 20002180 <uart_rx_length>
20000bea:	0485                	addi	s1,s1,1
20000bec:	b781                	j	20000b2c <App_CDC_ByteFromHost+0x20>
20000bee:	8301a783          	lw	a5,-2000(gp) # 20002180 <uart_rx_length>
20000bf2:	dfe5                	beqz	a5,20000bea <App_CDC_ByteFromHost+0xde>
20000bf4:	6a91                	lui	s5,0x4
20000bf6:	4585                	li	a1,1
20000bf8:	430a8513          	addi	a0,s5,1072 # 4430 <_malloc_usable_size_r+0x172>
20000bfc:	e54ff0ef          	jal	ra,20000250 <USB_CDC_Send>
20000c00:	8301a403          	lw	s0,-2000(gp) # 20002180 <uart_rx_length>
20000c04:	20005a37          	lui	s4,0x20005
20000c08:	c50a0793          	addi	a5,s4,-944 # 20004c50 <uart_rx_buf>
20000c0c:	6511                	lui	a0,0x4
20000c0e:	97a2                	add	a5,a5,s0
20000c10:	461d                	li	a2,7
20000c12:	c50a0593          	addi	a1,s4,-944
20000c16:	32c50513          	addi	a0,a0,812 # 432c <_malloc_usable_size_r+0x6e>
20000c1a:	00078023          	sb	zero,0(a5)
20000c1e:	e0003097          	auipc	ra,0xe0003
20000c22:	8b2080e7          	jalr	-1870(ra) # 34d0 <strncmp>
20000c26:	e11d                	bnez	a0,20000c4c <App_CDC_ByteFromHost+0x140>
20000c28:	479d                	li	a5,7
20000c2a:	02f41163          	bne	s0,a5,20000c4c <App_CDC_ByteFromHost+0x140>
20000c2e:	6591                	lui	a1,0x4
20000c30:	20005437          	lui	s0,0x20005
20000c34:	33458593          	addi	a1,a1,820 # 4334 <_malloc_usable_size_r+0x76>
20000c38:	a5040513          	addi	a0,s0,-1456 # 20004a50 <local_tx_buf>
20000c3c:	e0003097          	auipc	ra,0xe0003
20000c40:	870080e7          	jalr	-1936(ra) # 34ac <strcpy>
20000c44:	45b9                	li	a1,14
20000c46:	a5040513          	addi	a0,s0,-1456
20000c4a:	a881                	j	20000c9a <App_CDC_ByteFromHost+0x18e>
20000c4c:	6511                	lui	a0,0x4
20000c4e:	461d                	li	a2,7
20000c50:	c50a0593          	addi	a1,s4,-944
20000c54:	34450513          	addi	a0,a0,836 # 4344 <_malloc_usable_size_r+0x86>
20000c58:	e0003097          	auipc	ra,0xe0003
20000c5c:	878080e7          	jalr	-1928(ra) # 34d0 <strncmp>
20000c60:	24051f63          	bnez	a0,20000ebe <App_CDC_ByteFromHost+0x3b2>
20000c64:	479d                	li	a5,7
20000c66:	0a87fb63          	bgeu	a5,s0,20000d1c <App_CDC_ByteFromHost+0x210>
20000c6a:	47c1                	li	a5,16
20000c6c:	0887e063          	bltu	a5,s0,20000cec <App_CDC_ByteFromHost+0x1e0>
20000c70:	6591                	lui	a1,0x4
20000c72:	20005537          	lui	a0,0x20005
20000c76:	1870                	addi	a2,sp,60
20000c78:	34c58593          	addi	a1,a1,844 # 434c <_malloc_usable_size_r+0x8e>
20000c7c:	c5750513          	addi	a0,a0,-937 # 20004c57 <uart_rx_buf+0x7>
20000c80:	02010e23          	sb	zero,60(sp)
20000c84:	e0002097          	auipc	ra,0xe0002
20000c88:	7d0080e7          	jalr	2000(ra) # 3454 <siscanf>
20000c8c:	4785                	li	a5,1
20000c8e:	00f50963          	beq	a0,a5,20000ca0 <App_CDC_ByteFromHost+0x194>
20000c92:	6511                	lui	a0,0x4
20000c94:	4599                	li	a1,6
20000c96:	35450513          	addi	a0,a0,852 # 4354 <_malloc_usable_size_r+0x96>
20000c9a:	db6ff0ef          	jal	ra,20000250 <USB_CDC_Send>
20000c9e:	b7a1                	j	20000be6 <App_CDC_ByteFromHost+0xda>
20000ca0:	03c14783          	lbu	a5,60(sp)
20000ca4:	40005437          	lui	s0,0x40005
20000ca8:	0aa7f533          	maxu	a0,a5,a0
20000cac:	0ff57513          	zext.b	a0,a0
20000cb0:	00a401a3          	sb	a0,3(s0) # 40005003 <_eusrstack+0x1ffe5003>
20000cb4:	e0002097          	auipc	ra,0xe0002
20000cb8:	a4a080e7          	jalr	-1462(ra) # 26fe <GetSysClock>
20000cbc:	485c                	lw	a5,20(s0)
20000cbe:	00344703          	lbu	a4,3(s0)
20000cc2:	03c14603          	lbu	a2,60(sp)
20000cc6:	0807c7b3          	zext.h	a5,a5
20000cca:	02e787b3          	mul	a5,a5,a4
20000cce:	6591                	lui	a1,0x4
20000cd0:	35c58593          	addi	a1,a1,860 # 435c <_malloc_usable_size_r+0x9e>
20000cd4:	02f556b3          	divu	a3,a0,a5
20000cd8:	20005437          	lui	s0,0x20005
20000cdc:	a5040513          	addi	a0,s0,-1456 # 20004a50 <local_tx_buf>
20000ce0:	e0002097          	auipc	ra,0xe0002
20000ce4:	74e080e7          	jalr	1870(ra) # 342e <sprintf>
20000ce8:	85aa                	mv	a1,a0
20000cea:	bfb1                	j	20000c46 <App_CDC_ByteFromHost+0x13a>
20000cec:	6511                	lui	a0,0x4
20000cee:	461d                	li	a2,7
20000cf0:	c50a0593          	addi	a1,s4,-944
20000cf4:	38850513          	addi	a0,a0,904 # 4388 <_malloc_usable_size_r+0xca>
20000cf8:	e0002097          	auipc	ra,0xe0002
20000cfc:	7d8080e7          	jalr	2008(ra) # 34d0 <strncmp>
20000d00:	ee0503e3          	beqz	a0,20000be6 <App_CDC_ByteFromHost+0xda>
20000d04:	6511                	lui	a0,0x4
20000d06:	461d                	li	a2,7
20000d08:	c50a0593          	addi	a1,s4,-944
20000d0c:	3c050513          	addi	a0,a0,960 # 43c0 <_malloc_usable_size_r+0x102>
20000d10:	e0002097          	auipc	ra,0xe0002
20000d14:	7c0080e7          	jalr	1984(ra) # 34d0 <strncmp>
20000d18:	22050f63          	beqz	a0,20000f56 <App_CDC_ByteFromHost+0x44a>
20000d1c:	6511                	lui	a0,0x4
20000d1e:	c50a0593          	addi	a1,s4,-944
20000d22:	461d                	li	a2,7
20000d24:	41c50513          	addi	a0,a0,1052 # 441c <_malloc_usable_size_r+0x15e>
20000d28:	e0002097          	auipc	ra,0xe0002
20000d2c:	7a8080e7          	jalr	1960(ra) # 34d0 <strncmp>
20000d30:	8a2a                	mv	s4,a0
20000d32:	ea051ae3          	bnez	a0,20000be6 <App_CDC_ByteFromHost+0xda>
20000d36:	479d                	li	a5,7
20000d38:	eaf417e3          	bne	s0,a5,20000be6 <App_CDC_ByteFromHost+0xda>
20000d3c:	6591                	lui	a1,0x4
20000d3e:	4645                	li	a2,17
20000d40:	46c58593          	addi	a1,a1,1132 # 446c <_malloc_usable_size_r+0x1ae>
20000d44:	1868                	addi	a0,sp,60
20000d46:	e0001097          	auipc	ra,0xe0001
20000d4a:	38c080e7          	jalr	908(ra) # 20d2 <memcpy>
20000d4e:	4781                	li	a5,0
20000d50:	4741                	li	a4,16
20000d52:	0874                	addi	a3,sp,28
20000d54:	96be                	add	a3,a3,a5
20000d56:	00f68023          	sb	a5,0(a3)
20000d5a:	0785                	addi	a5,a5,1
20000d5c:	fee79be3          	bne	a5,a4,20000d52 <App_CDC_ByteFromHost+0x246>
20000d60:	1070                	addi	a2,sp,44
20000d62:	086c                	addi	a1,sp,28
20000d64:	1868                	addi	a0,sp,60
20000d66:	e0002097          	auipc	ra,0xe0002
20000d6a:	050080e7          	jalr	80(ra) # 2db6 <LL_Encrypt>
20000d6e:	20005437          	lui	s0,0x20005
20000d72:	6591                	lui	a1,0x4
20000d74:	42458593          	addi	a1,a1,1060 # 4424 <_malloc_usable_size_r+0x166>
20000d78:	a5040513          	addi	a0,s0,-1456 # 20004a50 <local_tx_buf>
20000d7c:	e0002097          	auipc	ra,0xe0002
20000d80:	730080e7          	jalr	1840(ra) # 34ac <strcpy>
20000d84:	6591                	lui	a1,0x4
20000d86:	20005537          	lui	a0,0x20005
20000d8a:	43458593          	addi	a1,a1,1076 # 4434 <_malloc_usable_size_r+0x176>
20000d8e:	a5d50513          	addi	a0,a0,-1443 # 20004a5d <local_tx_buf+0xd>
20000d92:	e0002097          	auipc	ra,0xe0002
20000d96:	71a080e7          	jalr	1818(ra) # 34ac <strcpy>
20000d9a:	4c81                	li	s9,0
20000d9c:	47ed                	li	a5,27
20000d9e:	a5040693          	addi	a3,s0,-1456
20000da2:	6b11                	lui	s6,0x4
20000da4:	a5040d13          	addi	s10,s0,-1456
20000da8:	0878                	addi	a4,sp,28
20000daa:	01970633          	add	a2,a4,s9
20000dae:	00064603          	lbu	a2,0(a2)
20000db2:	00f68533          	add	a0,a3,a5
20000db6:	444b0593          	addi	a1,s6,1092 # 4444 <_malloc_usable_size_r+0x186>
20000dba:	c63e                	sw	a5,12(sp)
20000dbc:	e0002097          	auipc	ra,0xe0002
20000dc0:	672080e7          	jalr	1650(ra) # 342e <sprintf>
20000dc4:	47b2                	lw	a5,12(sp)
20000dc6:	20005737          	lui	a4,0x20005
20000dca:	a5070693          	addi	a3,a4,-1456 # 20004a50 <local_tx_buf>
20000dce:	0c85                	addi	s9,s9,1
20000dd0:	4741                	li	a4,16
20000dd2:	078d                	addi	a5,a5,3
20000dd4:	fcec9ae3          	bne	s9,a4,20000da8 <App_CDC_ByteFromHost+0x29c>
20000dd8:	20005537          	lui	a0,0x20005
20000ddc:	430a8593          	addi	a1,s5,1072
20000de0:	a9b50513          	addi	a0,a0,-1381 # 20004a9b <local_tx_buf+0x4b>
20000de4:	e0002097          	auipc	ra,0xe0002
20000de8:	6c8080e7          	jalr	1736(ra) # 34ac <strcpy>
20000dec:	04c00593          	li	a1,76
20000df0:	a5040513          	addi	a0,s0,-1456
20000df4:	c5cff0ef          	jal	ra,20000250 <USB_CDC_Send>
20000df8:	6591                	lui	a1,0x4
20000dfa:	44c58593          	addi	a1,a1,1100 # 444c <_malloc_usable_size_r+0x18e>
20000dfe:	a5040513          	addi	a0,s0,-1456
20000e02:	e0002097          	auipc	ra,0xe0002
20000e06:	6aa080e7          	jalr	1706(ra) # 34ac <strcpy>
20000e0a:	4c81                	li	s9,0
20000e0c:	47b9                	li	a5,14
20000e0e:	1078                	addi	a4,sp,44
20000e10:	019706b3          	add	a3,a4,s9
20000e14:	0006c603          	lbu	a2,0(a3)
20000e18:	00fd0533          	add	a0,s10,a5
20000e1c:	444b0593          	addi	a1,s6,1092
20000e20:	c63e                	sw	a5,12(sp)
20000e22:	e0002097          	auipc	ra,0xe0002
20000e26:	60c080e7          	jalr	1548(ra) # 342e <sprintf>
20000e2a:	47b2                	lw	a5,12(sp)
20000e2c:	0c85                	addi	s9,s9,1
20000e2e:	4741                	li	a4,16
20000e30:	078d                	addi	a5,a5,3
20000e32:	fcec9ee3          	bne	s9,a4,20000e0e <App_CDC_ByteFromHost+0x302>
20000e36:	20005cb7          	lui	s9,0x20005
20000e3a:	430a8593          	addi	a1,s5,1072
20000e3e:	a8ec8513          	addi	a0,s9,-1394 # 20004a8e <local_tx_buf+0x3e>
20000e42:	e0002097          	auipc	ra,0xe0002
20000e46:	66a080e7          	jalr	1642(ra) # 34ac <strcpy>
20000e4a:	03f00593          	li	a1,63
20000e4e:	a5040513          	addi	a0,s0,-1456
20000e52:	bfeff0ef          	jal	ra,20000250 <USB_CDC_Send>
20000e56:	0870                	addi	a2,sp,28
20000e58:	106c                	addi	a1,sp,44
20000e5a:	1868                	addi	a0,sp,60
20000e5c:	ce02                	sw	zero,28(sp)
20000e5e:	d002                	sw	zero,32(sp)
20000e60:	d202                	sw	zero,36(sp)
20000e62:	d402                	sw	zero,40(sp)
20000e64:	e0002097          	auipc	ra,0xe0002
20000e68:	f86080e7          	jalr	-122(ra) # 2dea <LL_Decrypt>
20000e6c:	6591                	lui	a1,0x4
20000e6e:	45c58593          	addi	a1,a1,1116 # 445c <_malloc_usable_size_r+0x19e>
20000e72:	a5040513          	addi	a0,s0,-1456
20000e76:	e0002097          	auipc	ra,0xe0002
20000e7a:	636080e7          	jalr	1590(ra) # 34ac <strcpy>
20000e7e:	47b9                	li	a5,14
20000e80:	0878                	addi	a4,sp,28
20000e82:	014706b3          	add	a3,a4,s4
20000e86:	0006c603          	lbu	a2,0(a3)
20000e8a:	00fd0533          	add	a0,s10,a5
20000e8e:	444b0593          	addi	a1,s6,1092
20000e92:	c63e                	sw	a5,12(sp)
20000e94:	e0002097          	auipc	ra,0xe0002
20000e98:	59a080e7          	jalr	1434(ra) # 342e <sprintf>
20000e9c:	47b2                	lw	a5,12(sp)
20000e9e:	0a05                	addi	s4,s4,1
20000ea0:	4741                	li	a4,16
20000ea2:	078d                	addi	a5,a5,3
20000ea4:	fcea1ee3          	bne	s4,a4,20000e80 <App_CDC_ByteFromHost+0x374>
20000ea8:	430a8593          	addi	a1,s5,1072
20000eac:	a8ec8513          	addi	a0,s9,-1394
20000eb0:	e0002097          	auipc	ra,0xe0002
20000eb4:	5fc080e7          	jalr	1532(ra) # 34ac <strcpy>
20000eb8:	03f00593          	li	a1,63
20000ebc:	b369                	j	20000c46 <App_CDC_ByteFromHost+0x13a>
20000ebe:	6511                	lui	a0,0x4
20000ec0:	461d                	li	a2,7
20000ec2:	c50a0593          	addi	a1,s4,-944
20000ec6:	38850513          	addi	a0,a0,904 # 4388 <_malloc_usable_size_r+0xca>
20000eca:	e0002097          	auipc	ra,0xe0002
20000ece:	606080e7          	jalr	1542(ra) # 34d0 <strncmp>
20000ed2:	e13d                	bnez	a0,20000f38 <App_CDC_ByteFromHost+0x42c>
20000ed4:	479d                	li	a5,7
20000ed6:	e487f3e3          	bgeu	a5,s0,20000d1c <App_CDC_ByteFromHost+0x210>
20000eda:	47c1                	li	a5,16
20000edc:	d087e5e3          	bltu	a5,s0,20000be6 <App_CDC_ByteFromHost+0xda>
20000ee0:	6591                	lui	a1,0x4
20000ee2:	20005537          	lui	a0,0x20005
20000ee6:	1870                	addi	a2,sp,60
20000ee8:	39058593          	addi	a1,a1,912 # 4390 <_malloc_usable_size_r+0xd2>
20000eec:	c5750513          	addi	a0,a0,-937 # 20004c57 <uart_rx_buf+0x7>
20000ef0:	02011e23          	sh	zero,60(sp)
20000ef4:	e0002097          	auipc	ra,0xe0002
20000ef8:	560080e7          	jalr	1376(ra) # 3454 <siscanf>
20000efc:	4785                	li	a5,1
20000efe:	d8f51ae3          	bne	a0,a5,20000c92 <App_CDC_ByteFromHost+0x186>
20000f02:	03c15503          	lhu	a0,60(sp)
20000f06:	e0001097          	auipc	ra,0xe0001
20000f0a:	674080e7          	jalr	1652(ra) # 257a <PWMX_16bit_CycleCfg>
20000f0e:	e0001097          	auipc	ra,0xe0001
20000f12:	7f0080e7          	jalr	2032(ra) # 26fe <GetSysClock>
20000f16:	40005737          	lui	a4,0x40005
20000f1a:	4b5c                	lw	a5,20(a4)
20000f1c:	00374703          	lbu	a4,3(a4) # 40005003 <_eusrstack+0x1ffe5003>
20000f20:	6591                	lui	a1,0x4
20000f22:	0807c7b3          	zext.h	a5,a5
20000f26:	02e787b3          	mul	a5,a5,a4
20000f2a:	03c15603          	lhu	a2,60(sp)
20000f2e:	39458593          	addi	a1,a1,916 # 4394 <_malloc_usable_size_r+0xd6>
20000f32:	02f556b3          	divu	a3,a0,a5
20000f36:	b34d                	j	20000cd8 <App_CDC_ByteFromHost+0x1cc>
20000f38:	6511                	lui	a0,0x4
20000f3a:	461d                	li	a2,7
20000f3c:	c50a0593          	addi	a1,s4,-944
20000f40:	3c050513          	addi	a0,a0,960 # 43c0 <_malloc_usable_size_r+0x102>
20000f44:	e0002097          	auipc	ra,0xe0002
20000f48:	58c080e7          	jalr	1420(ra) # 34d0 <strncmp>
20000f4c:	dc0518e3          	bnez	a0,20000d1c <App_CDC_ByteFromHost+0x210>
20000f50:	479d                	li	a5,7
20000f52:	dc87f5e3          	bgeu	a5,s0,20000d1c <App_CDC_ByteFromHost+0x210>
20000f56:	47c1                	li	a5,16
20000f58:	c887e7e3          	bltu	a5,s0,20000be6 <App_CDC_ByteFromHost+0xda>
20000f5c:	6591                	lui	a1,0x4
20000f5e:	20005537          	lui	a0,0x20005
20000f62:	1870                	addi	a2,sp,60
20000f64:	39058593          	addi	a1,a1,912 # 4390 <_malloc_usable_size_r+0xd2>
20000f68:	c5750513          	addi	a0,a0,-937 # 20004c57 <uart_rx_buf+0x7>
20000f6c:	02011e23          	sh	zero,60(sp)
20000f70:	e0002097          	auipc	ra,0xe0002
20000f74:	4e4080e7          	jalr	1252(ra) # 3454 <siscanf>
20000f78:	4785                	li	a5,1
20000f7a:	d0f51ce3          	bne	a0,a5,20000c92 <App_CDC_ByteFromHost+0x186>
20000f7e:	400057b7          	lui	a5,0x40005
20000f82:	0147aa03          	lw	s4,20(a5) # 40005014 <_eusrstack+0x1ffe5014>
20000f86:	03c15783          	lhu	a5,60(sp)
20000f8a:	20005437          	lui	s0,0x20005
20000f8e:	4a81                	li	s5,0
20000f90:	080a4a33          	zext.h	s4,s4
20000f94:	00fa7f63          	bgeu	s4,a5,20000fb2 <App_CDC_ByteFromHost+0x4a6>
20000f98:	6591                	lui	a1,0x4
20000f9a:	3c858593          	addi	a1,a1,968 # 43c8 <_malloc_usable_size_r+0x10a>
20000f9e:	a5040513          	addi	a0,s0,-1456 # 20004a50 <local_tx_buf>
20000fa2:	e0002097          	auipc	ra,0xe0002
20000fa6:	50a080e7          	jalr	1290(ra) # 34ac <strcpy>
20000faa:	02600a93          	li	s5,38
20000fae:	03411e23          	sh	s4,60(sp)
20000fb2:	03c15583          	lhu	a1,60(sp)
20000fb6:	4685                	li	a3,1
20000fb8:	4601                	li	a2,0
20000fba:	4505                	li	a0,1
20000fbc:	e0001097          	auipc	ra,0xe0001
20000fc0:	5d6080e7          	jalr	1494(ra) # 2592 <PWMX_16bit_ACTOUT>
20000fc4:	e0001097          	auipc	ra,0xe0001
20000fc8:	73a080e7          	jalr	1850(ra) # 26fe <GetSysClock>
20000fcc:	40005737          	lui	a4,0x40005
20000fd0:	4b5c                	lw	a5,20(a4)
20000fd2:	00374703          	lbu	a4,3(a4) # 40005003 <_eusrstack+0x1ffe5003>
20000fd6:	03c15603          	lhu	a2,60(sp)
20000fda:	0807c7b3          	zext.h	a5,a5
20000fde:	02e787b3          	mul	a5,a5,a4
20000fe2:	6591                	lui	a1,0x4
20000fe4:	a5040713          	addi	a4,s0,-1456
20000fe8:	3f058593          	addi	a1,a1,1008 # 43f0 <_malloc_usable_size_r+0x132>
20000fec:	02f556b3          	divu	a3,a0,a5
20000ff0:	01570533          	add	a0,a4,s5
20000ff4:	e0002097          	auipc	ra,0xe0002
20000ff8:	43a080e7          	jalr	1082(ra) # 342e <sprintf>
20000ffc:	015505b3          	add	a1,a0,s5
20001000:	b199                	j	20000c46 <App_CDC_ByteFromHost+0x13a>
20001002:	01492783          	lw	a5,20(s2) # 40005014 <_eusrstack+0x1ffe5014>
20001006:	00495703          	lhu	a4,4(s2)
2000100a:	0807c7b3          	zext.h	a5,a5
2000100e:	00f77763          	bgeu	a4,a5,2000101c <App_CDC_ByteFromHost+0x510>
20001012:	00495783          	lhu	a5,4(s2)
20001016:	0785                	addi	a5,a5,1
20001018:	0807c7b3          	zext.h	a5,a5
2000101c:	00f91223          	sh	a5,4(s2)
20001020:	b6e9                	j	20000bea <App_CDC_ByteFromHost+0xde>
20001022:	00495703          	lhu	a4,4(s2)
20001026:	080747b3          	zext.h	a5,a4
2000102a:	db6d                	beqz	a4,2000101c <App_CDC_ByteFromHost+0x510>
2000102c:	00495783          	lhu	a5,4(s2)
20001030:	17fd                	addi	a5,a5,-1
20001032:	b7dd                	j	20001018 <App_CDC_ByteFromHost+0x50c>

20001034 <SysTick_Handler>:
20001034:	e000f7b7          	lui	a5,0xe000f
20001038:	0007a223          	sw	zero,4(a5) # e000f004 <_eusrstack+0xbffef004>
2000103c:	8281a803          	lw	a6,-2008(gp) # 20002178 <ms_cnt>
20001040:	82c1a883          	lw	a7,-2004(gp) # 2000217c <ms_cnt+0x4>
20001044:	00180513          	addi	a0,a6,1
20001048:	01053633          	sltu	a2,a0,a6
2000104c:	011607b3          	add	a5,a2,a7
20001050:	82a1a423          	sw	a0,-2008(gp) # 20002178 <ms_cnt>
20001054:	872a                	mv	a4,a0
20001056:	82f1a623          	sw	a5,-2004(gp) # 2000217c <ms_cnt+0x4>
2000105a:	30200073          	mret

2000105e <MachineMode_Call_IRQ>:
2000105e:	1141                	addi	sp,sp,-16
20001060:	c622                	sw	s0,12(sp)
20001062:	8381a783          	lw	a5,-1992(gp) # 20002188 <gs_machine_mode_func>
20001066:	c791                	beqz	a5,20001072 <MachineMode_Call_IRQ+0x14>
20001068:	8381a783          	lw	a5,-1992(gp) # 20002188 <gs_machine_mode_func>
2000106c:	9782                	jalr	a5
2000106e:	8201ac23          	sw	zero,-1992(gp) # 20002188 <gs_machine_mode_func>
20001072:	4432                	lw	s0,12(sp)
20001074:	0141                	addi	sp,sp,16
20001076:	30200073          	mret

2000107a <SetSysClock>:
2000107a:	0007f7b7          	lui	a5,0x7f
2000107e:	53d8                	lw	a4,36(a5)
20001080:	1141                	addi	sp,sp,-16
20001082:	82e1aa23          	sw	a4,-1996(gp) # 20002184 <chip_info>
20001086:	400017b7          	lui	a5,0x40001
2000108a:	4b98                	lw	a4,16(a5)
2000108c:	01076713          	ori	a4,a4,16
20001090:	cb98                	sw	a4,16(a5)
20001092:	0107c703          	lbu	a4,16(a5) # 40001010 <_eusrstack+0x1ffe1010>
20001096:	0fe77713          	andi	a4,a4,254
2000109a:	00e78823          	sb	a4,16(a5)
2000109e:	08800713          	li	a4,136
200010a2:	80073773          	csrrc	a4,0x800,a4
200010a6:	08877713          	andi	a4,a4,136
200010aa:	c63a                	sw	a4,12(sp)
200010ac:	0000100f          	fence.i
200010b0:	05700713          	li	a4,87
200010b4:	04e78023          	sb	a4,64(a5)
200010b8:	fa800713          	li	a4,-88
200010bc:	04e78023          	sb	a4,64(a5)
200010c0:	0000100f          	fence.i
200010c4:	0c000713          	li	a4,192
200010c8:	02e51963          	bne	a0,a4,200010fa <SetSysClock+0x80>
200010cc:	0087d703          	lhu	a4,8(a5)
200010d0:	0c076713          	ori	a4,a4,192
200010d4:	00e79423          	sh	a4,8(a5)
200010d8:	400017b7          	lui	a5,0x40001
200010dc:	0107c703          	lbu	a4,16(a5) # 40001010 <_eusrstack+0x1ffe1010>
200010e0:	00176713          	ori	a4,a4,1
200010e4:	00e78823          	sb	a4,16(a5)
200010e8:	04078023          	sb	zero,64(a5)
200010ec:	47b2                	lw	a5,12(sp)
200010ee:	8007a7f3          	csrrs	a5,0x800,a5
200010f2:	0000100f          	fence.i
200010f6:	0141                	addi	sp,sp,16
200010f8:	8082                	ret
200010fa:	00a7c703          	lbu	a4,10(a5)
200010fe:	20057693          	andi	a3,a0,512
20001102:	c2c9                	beqz	a3,20001184 <SetSysClock+0x10a>
20001104:	8b11                	andi	a4,a4,4
20001106:	e739                	bnez	a4,20001154 <SetSysClock+0xda>
20001108:	04e7c703          	lbu	a4,78(a5)
2000110c:	04e7c603          	lbu	a2,78(a5)
20001110:	0ff77713          	zext.b	a4,a4
20001114:	00366613          	ori	a2,a2,3
20001118:	04c78723          	sb	a2,78(a5)
2000111c:	00a7c603          	lbu	a2,10(a5)
20001120:	00466613          	ori	a2,a2,4
20001124:	00c78523          	sb	a2,10(a5)
20001128:	0087d603          	lhu	a2,8(a5)
2000112c:	0087d583          	lhu	a1,8(a5)
20001130:	08064633          	zext.h	a2,a2
20001134:	0c05e593          	ori	a1,a1,192
20001138:	00b79423          	sh	a1,8(a5)
2000113c:	47a5                	li	a5,9
2000113e:	0001                	nop
20001140:	17fd                	addi	a5,a5,-1
20001142:	0ff7f793          	zext.b	a5,a5
20001146:	ffe5                	bnez	a5,2000113e <SetSysClock+0xc4>
20001148:	400017b7          	lui	a5,0x40001
2000114c:	00c79423          	sh	a2,8(a5) # 40001008 <_eusrstack+0x1ffe1008>
20001150:	04e78723          	sb	a4,78(a5)
20001154:	10057793          	andi	a5,a0,256
20001158:	cbdd                	beqz	a5,2000120e <SetSysClock+0x194>
2000115a:	40001737          	lui	a4,0x40001
2000115e:	00a74783          	lbu	a5,10(a4) # 4000100a <_eusrstack+0x1ffe100a>
20001162:	0107e793          	ori	a5,a5,16
20001166:	00f70523          	sb	a5,10(a4)
2000116a:	01f57793          	andi	a5,a0,31
2000116e:	e385                	bnez	a5,2000118e <SetSysClock+0x114>
20001170:	400027b7          	lui	a5,0x40002
20001174:	8057c703          	lbu	a4,-2043(a5) # 40001805 <_eusrstack+0x1ffe1805>
20001178:	01076713          	ori	a4,a4,16
2000117c:	80e782a3          	sb	a4,-2043(a5)
20001180:	471d                	li	a4,7
20001182:	a015                	j	200011a6 <SetSysClock+0x12c>
20001184:	00276713          	ori	a4,a4,2
20001188:	00e78523          	sb	a4,10(a5)
2000118c:	b7e1                	j	20001154 <SetSysClock+0xda>
2000118e:	4725                	li	a4,9
20001190:	04f76b63          	bltu	a4,a5,200011e6 <SetSysClock+0x16c>
20001194:	400027b7          	lui	a5,0x40002
20001198:	8057c703          	lbu	a4,-2043(a5) # 40001805 <_eusrstack+0x1ffe1805>
2000119c:	0ef77713          	andi	a4,a4,239
200011a0:	80e782a3          	sb	a4,-2043(a5)
200011a4:	4705                	li	a4,1
200011a6:	80e783a3          	sb	a4,-2041(a5)
200011aa:	08054533          	zext.h	a0,a0
200011ae:	400017b7          	lui	a5,0x40001
200011b2:	0c056713          	ori	a4,a0,192
200011b6:	00e79423          	sh	a4,8(a5) # 40001008 <_eusrstack+0x1ffe1008>
200011ba:	00a79423          	sh	a0,8(a5)
200011be:	c2c9                	beqz	a3,20001240 <SetSysClock+0x1c6>
200011c0:	0457c703          	lbu	a4,69(a5)
200011c4:	0457c683          	lbu	a3,69(a5)
200011c8:	8b41                	andi	a4,a4,16
200011ca:	8a85                	andi	a3,a3,1
200011cc:	8f55                	or	a4,a4,a3
200011ce:	f709                	bnez	a4,200010d8 <SetSysClock+0x5e>
200011d0:	0127c703          	lbu	a4,18(a5)
200011d4:	8b41                	andi	a4,a4,16
200011d6:	d309                	beqz	a4,200010d8 <SetSysClock+0x5e>
200011d8:	00a7c703          	lbu	a4,10(a5)
200011dc:	0fd77713          	andi	a4,a4,253
200011e0:	00e78523          	sb	a4,10(a5)
200011e4:	bdd5                	j	200010d8 <SetSysClock+0x5e>
200011e6:	01057793          	andi	a5,a0,16
200011ea:	eb99                	bnez	a5,20001200 <SetSysClock+0x186>
200011ec:	400027b7          	lui	a5,0x40002
200011f0:	8057c703          	lbu	a4,-2043(a5) # 40001805 <_eusrstack+0x1ffe1805>
200011f4:	0ef77713          	andi	a4,a4,239
200011f8:	80e782a3          	sb	a4,-2043(a5)
200011fc:	4709                	li	a4,2
200011fe:	b765                	j	200011a6 <SetSysClock+0x12c>
20001200:	400027b7          	lui	a5,0x40002
20001204:	8057c703          	lbu	a4,-2043(a5) # 40001805 <_eusrstack+0x1ffe1805>
20001208:	0ef77713          	andi	a4,a4,239
2000120c:	bf85                	j	2000117c <SetSysClock+0x102>
2000120e:	01857793          	andi	a5,a0,24
20001212:	ef81                	bnez	a5,2000122a <SetSysClock+0x1b0>
20001214:	400027b7          	lui	a5,0x40002
20001218:	8057c703          	lbu	a4,-2043(a5) # 40001805 <_eusrstack+0x1ffe1805>
2000121c:	0ef77713          	andi	a4,a4,239
20001220:	80e782a3          	sb	a4,-2043(a5)
20001224:	05100713          	li	a4,81
20001228:	bfbd                	j	200011a6 <SetSysClock+0x12c>
2000122a:	400027b7          	lui	a5,0x40002
2000122e:	8057c703          	lbu	a4,-2043(a5) # 40001805 <_eusrstack+0x1ffe1805>
20001232:	0ef77713          	andi	a4,a4,239
20001236:	80e782a3          	sb	a4,-2043(a5)
2000123a:	05700713          	li	a4,87
2000123e:	b7a5                	j	200011a6 <SetSysClock+0x12c>
20001240:	00a7c703          	lbu	a4,10(a5)
20001244:	0fb77713          	andi	a4,a4,251
20001248:	bf61                	j	200011e0 <SetSysClock+0x166>

2000124a <MachineMode_Call>:
2000124a:	e000e737          	lui	a4,0xe000e
2000124e:	431c                	lw	a5,0(a4)
20001250:	4354                	lw	a3,4(a4)
20001252:	567d                	li	a2,-1
20001254:	83a1                	srli	a5,a5,0x8
20001256:	06e2                	slli	a3,a3,0x18
20001258:	8fd5                	or	a5,a5,a3
2000125a:	18070693          	addi	a3,a4,384 # e000e180 <_eusrstack+0xbffee180>
2000125e:	c290                	sw	a2,0(a3)
20001260:	c2d0                	sw	a2,4(a3)
20001262:	200006b7          	lui	a3,0x20000
20001266:	20001637          	lui	a2,0x20001
2000126a:	00068593          	mv	a1,a3
2000126e:	05e60613          	addi	a2,a2,94 # 2000105e <MachineMode_Call_IRQ>
20001272:	0385a803          	lw	a6,56(a1)
20001276:	dd90                	sw	a2,56(a1)
20001278:	82a1ac23          	sw	a0,-1992(gp) # 20002188 <gs_machine_mode_func>
2000127c:	6591                	lui	a1,0x4
2000127e:	10070513          	addi	a0,a4,256
20001282:	c10c                	sw	a1,0(a0)
20001284:	20070713          	addi	a4,a4,512
20001288:	c30c                	sw	a1,0(a4)
2000128a:	00068693          	mv	a3,a3
2000128e:	8381a703          	lw	a4,-1992(gp) # 20002188 <gs_machine_mode_func>
20001292:	ff75                	bnez	a4,2000128e <MachineMode_Call+0x44>
20001294:	e000e737          	lui	a4,0xe000e
20001298:	6611                	lui	a2,0x4
2000129a:	18c72023          	sw	a2,384(a4) # e000e180 <_eusrstack+0xbffee180>
2000129e:	0000100f          	fence.i
200012a2:	0306ac23          	sw	a6,56(a3) # 20000038 <_highcode_init_vma_start+0x38>
200012a6:	00879693          	slli	a3,a5,0x8
200012aa:	10d72023          	sw	a3,256(a4)
200012ae:	83e1                	srli	a5,a5,0x18
200012b0:	10f72223          	sw	a5,260(a4)
200012b4:	8082                	ret

200012b6 <SYS_ResetExecute>:
200012b6:	e0001317          	auipc	t1,0xe0001
200012ba:	dec302e7          	jalr	t0,-532(t1) # 20a2 <__riscv_save_0>
200012be:	1141                	addi	sp,sp,-16
200012c0:	4681                	li	a3,0
200012c2:	4601                	li	a2,0
200012c4:	4581                	li	a1,0
200012c6:	4511                	li	a0,4
200012c8:	26b9                	jal	20001616 <FLASH_EEPROM_CMD>
200012ca:	08800793          	li	a5,136
200012ce:	8007b7f3          	csrrc	a5,0x800,a5
200012d2:	0887f793          	andi	a5,a5,136
200012d6:	c63e                	sw	a5,12(sp)
200012d8:	0000100f          	fence.i
200012dc:	400017b7          	lui	a5,0x40001
200012e0:	05700713          	li	a4,87
200012e4:	04e78023          	sb	a4,64(a5) # 40001040 <_eusrstack+0x1ffe1040>
200012e8:	fa800713          	li	a4,-88
200012ec:	04e78023          	sb	a4,64(a5)
200012f0:	0000100f          	fence.i
200012f4:	0467c703          	lbu	a4,70(a5)
200012f8:	00176713          	ori	a4,a4,1
200012fc:	04e78323          	sb	a4,70(a5)
20001300:	04078023          	sb	zero,64(a5)
20001304:	47b2                	lw	a5,12(sp)
20001306:	8007a7f3          	csrrs	a5,0x800,a5
2000130a:	0000100f          	fence.i
2000130e:	0141                	addi	sp,sp,16
20001310:	e0001317          	auipc	t1,0xe0001
20001314:	db630067          	jr	-586(t1) # 20c6 <__riscv_restore_0>

20001318 <SYS_DisableAllIrq>:
20001318:	e000e737          	lui	a4,0xe000e
2000131c:	431c                	lw	a5,0(a4)
2000131e:	4354                	lw	a3,4(a4)
20001320:	83a1                	srli	a5,a5,0x8
20001322:	06e2                	slli	a3,a3,0x18
20001324:	8fd5                	or	a5,a5,a3
20001326:	c11c                	sw	a5,0(a0)
20001328:	57fd                	li	a5,-1
2000132a:	18f72023          	sw	a5,384(a4) # e000e180 <_eusrstack+0xbffee180>
2000132e:	18f72223          	sw	a5,388(a4)
20001332:	8082                	ret

20001334 <SYS_RecoverIrq>:
20001334:	00851713          	slli	a4,a0,0x8
20001338:	e000e7b7          	lui	a5,0xe000e
2000133c:	10e7a023          	sw	a4,256(a5) # e000e100 <_eusrstack+0xbffee100>
20001340:	8161                	srli	a0,a0,0x18
20001342:	10a7a223          	sw	a0,260(a5)
20001346:	8082                	ret

20001348 <HardFault_Handler>:
20001348:	1141                	addi	sp,sp,-16
2000134a:	4681                	li	a3,0
2000134c:	4601                	li	a2,0
2000134e:	4581                	li	a1,0
20001350:	4511                	li	a0,4
20001352:	24d1                	jal	20001616 <FLASH_EEPROM_CMD>
20001354:	08800713          	li	a4,136
20001358:	800737f3          	csrrc	a5,0x800,a4
2000135c:	0887f793          	andi	a5,a5,136
20001360:	c43e                	sw	a5,8(sp)
20001362:	0000100f          	fence.i
20001366:	400017b7          	lui	a5,0x40001
2000136a:	05700613          	li	a2,87
2000136e:	04c78023          	sb	a2,64(a5) # 40001040 <_eusrstack+0x1ffe1040>
20001372:	fa800693          	li	a3,-88
20001376:	04d78023          	sb	a3,64(a5)
2000137a:	0000100f          	fence.i
2000137e:	55fd                	li	a1,-1
20001380:	02b79623          	sh	a1,44(a5)
20001384:	04078023          	sb	zero,64(a5)
20001388:	45a2                	lw	a1,8(sp)
2000138a:	8005a5f3          	csrrs	a1,0x800,a1
2000138e:	0000100f          	fence.i
20001392:	80073773          	csrrc	a4,0x800,a4
20001396:	08877713          	andi	a4,a4,136
2000139a:	c63a                	sw	a4,12(sp)
2000139c:	0000100f          	fence.i
200013a0:	04c78023          	sb	a2,64(a5)
200013a4:	04d78023          	sb	a3,64(a5)
200013a8:	0000100f          	fence.i
200013ac:	0467c703          	lbu	a4,70(a5)
200013b0:	00176713          	ori	a4,a4,1
200013b4:	04e78323          	sb	a4,70(a5)
200013b8:	04078023          	sb	zero,64(a5)
200013bc:	47b2                	lw	a5,12(sp)
200013be:	8007a7f3          	csrrs	a5,0x800,a5
200013c2:	0000100f          	fence.i
200013c6:	a001                	j	200013c6 <HardFault_Handler+0x7e>

200013c8 <mDelayuS>:
200013c8:	47b5                	li	a5,13
200013ca:	02f50533          	mul	a0,a0,a5
200013ce:	157d                	addi	a0,a0,-1
200013d0:	e111                	bnez	a0,200013d4 <mDelayuS+0xc>
200013d2:	8082                	ret
200013d4:	0001                	nop
200013d6:	bfe5                	j	200013ce <mDelayuS+0x6>

200013d8 <mDelaymS>:
200013d8:	e0001317          	auipc	t1,0xe0001
200013dc:	cca302e7          	jalr	t0,-822(t1) # 20a2 <__riscv_save_0>
200013e0:	842a                	mv	s0,a0
200013e2:	3e800513          	li	a0,1000
200013e6:	147d                	addi	s0,s0,-1
200013e8:	37c5                	jal	200013c8 <mDelayuS>
200013ea:	08044433          	zext.h	s0,s0
200013ee:	f875                	bnez	s0,200013e2 <mDelaymS+0xa>
200013f0:	e0001317          	auipc	t1,0xe0001
200013f4:	cd630067          	jr	-810(t1) # 20c6 <__riscv_restore_0>

200013f8 <__wrap_memcpy>:
200013f8:	962e                	add	a2,a2,a1
200013fa:	87aa                	mv	a5,a0
200013fc:	78b6700f          	mcpy	a2,a1,a5
20001400:	8082                	ret
	...

20001404 <Ecall_M_Mode_Handler>:
20001404:	02000593          	li	a1,32
20001408:	8045a073          	csrs	0x804,a1
2000140c:	4582                	lw	a1,0(sp)
2000140e:	34159073          	csrw	mepc,a1
20001412:	4092                	lw	ra,4(sp)
20001414:	4222                	lw	tp,8(sp)
20001416:	42b2                	lw	t0,12(sp)
20001418:	4342                	lw	t1,16(sp)
2000141a:	43d2                	lw	t2,20(sp)
2000141c:	4462                	lw	s0,24(sp)
2000141e:	44f2                	lw	s1,28(sp)
20001420:	5502                	lw	a0,32(sp)
20001422:	5592                	lw	a1,36(sp)
20001424:	5622                	lw	a2,40(sp)
20001426:	56b2                	lw	a3,44(sp)
20001428:	5742                	lw	a4,48(sp)
2000142a:	57d2                	lw	a5,52(sp)
2000142c:	5862                	lw	a6,56(sp)
2000142e:	58f2                	lw	a7,60(sp)
20001430:	4906                	lw	s2,64(sp)
20001432:	4996                	lw	s3,68(sp)
20001434:	4a26                	lw	s4,72(sp)
20001436:	4ab6                	lw	s5,76(sp)
20001438:	4b46                	lw	s6,80(sp)
2000143a:	4bd6                	lw	s7,84(sp)
2000143c:	4c66                	lw	s8,88(sp)
2000143e:	4cf6                	lw	s9,92(sp)
20001440:	5d06                	lw	s10,96(sp)
20001442:	5d96                	lw	s11,100(sp)
20001444:	5e26                	lw	t3,104(sp)
20001446:	5eb6                	lw	t4,108(sp)
20001448:	5f46                	lw	t5,112(sp)
2000144a:	5fd6                	lw	t6,116(sp)
2000144c:	6109                	addi	sp,sp,128
2000144e:	30200073          	mret

20001452 <SYS_GetClockValue>:
20001452:	1141                	addi	sp,sp,-16
20001454:	400017b7          	lui	a5,0x40001
20001458:	5f98                	lw	a4,56(a5)
2000145a:	c63a                	sw	a4,12(sp)
2000145c:	5f94                	lw	a3,56(a5)
2000145e:	4732                	lw	a4,12(sp)
20001460:	fee69ce3          	bne	a3,a4,20001458 <SYS_GetClockValue+0x6>
20001464:	4532                	lw	a0,12(sp)
20001466:	0141                	addi	sp,sp,16
20001468:	8082                	ret

2000146a <SYS_SetPendingIRQ>:
2000146a:	e000e7b7          	lui	a5,0xe000e
2000146e:	10000737          	lui	a4,0x10000
20001472:	20e7a023          	sw	a4,512(a5) # e000e200 <_eusrstack+0xbffee200>
20001476:	8082                	ret

20001478 <RTC_SetTignTime>:
20001478:	1141                	addi	sp,sp,-16
2000147a:	08800793          	li	a5,136
2000147e:	8007b7f3          	csrrc	a5,0x800,a5
20001482:	0887f793          	andi	a5,a5,136
20001486:	c63e                	sw	a5,12(sp)
20001488:	0000100f          	fence.i
2000148c:	400017b7          	lui	a5,0x40001
20001490:	05700713          	li	a4,87
20001494:	04e78023          	sb	a4,64(a5) # 40001040 <_eusrstack+0x1ffe1040>
20001498:	fa800713          	li	a4,-88
2000149c:	04e78023          	sb	a4,64(a5)
200014a0:	0000100f          	fence.i
200014a4:	dbc8                	sw	a0,52(a5)
200014a6:	04078023          	sb	zero,64(a5)
200014aa:	47b2                	lw	a5,12(sp)
200014ac:	8007a7f3          	csrrs	a5,0x800,a5
200014b0:	0000100f          	fence.i
200014b4:	8401a023          	sw	zero,-1984(gp) # 20002190 <RTCTigFlag>
200014b8:	0141                	addi	sp,sp,16
200014ba:	8082                	ret

200014bc <RTC_IRQHandler>:
200014bc:	400017b7          	lui	a5,0x40001
200014c0:	03000713          	li	a4,48
200014c4:	02e78823          	sb	a4,48(a5) # 40001030 <_eusrstack+0x1ffe1030>
200014c8:	4705                	li	a4,1
200014ca:	84e1a023          	sw	a4,-1984(gp) # 20002190 <RTCTigFlag>
200014ce:	30200073          	mret
	...

200014d4 <LLE_IRQHandler>:
200014d4:	7119                	addi	sp,sp,-128
200014d6:	c206                	sw	ra,4(sp)
200014d8:	c412                	sw	tp,8(sp)
200014da:	c616                	sw	t0,12(sp)
200014dc:	c81a                	sw	t1,16(sp)
200014de:	ca1e                	sw	t2,20(sp)
200014e0:	cc22                	sw	s0,24(sp)
200014e2:	ce26                	sw	s1,28(sp)
200014e4:	d02a                	sw	a0,32(sp)
200014e6:	d22e                	sw	a1,36(sp)
200014e8:	d432                	sw	a2,40(sp)
200014ea:	d636                	sw	a3,44(sp)
200014ec:	d83a                	sw	a4,48(sp)
200014ee:	da3e                	sw	a5,52(sp)
200014f0:	dc42                	sw	a6,56(sp)
200014f2:	de46                	sw	a7,60(sp)
200014f4:	c0ca                	sw	s2,64(sp)
200014f6:	c2ce                	sw	s3,68(sp)
200014f8:	c4d2                	sw	s4,72(sp)
200014fa:	c6d6                	sw	s5,76(sp)
200014fc:	c8da                	sw	s6,80(sp)
200014fe:	cade                	sw	s7,84(sp)
20001500:	cce2                	sw	s8,88(sp)
20001502:	cee6                	sw	s9,92(sp)
20001504:	d0ea                	sw	s10,96(sp)
20001506:	d2ee                	sw	s11,100(sp)
20001508:	d4f2                	sw	t3,104(sp)
2000150a:	d6f6                	sw	t4,108(sp)
2000150c:	d8fa                	sw	t5,112(sp)
2000150e:	dafe                	sw	t6,116(sp)
20001510:	83c18593          	addi	a1,gp,-1988 # 2000218c <g_LLE_IRQLibHandlerLocation>
20001514:	4188                	lw	a0,0(a1)
20001516:	000500e7          	jalr	a0
2000151a:	4092                	lw	ra,4(sp)
2000151c:	4222                	lw	tp,8(sp)
2000151e:	42b2                	lw	t0,12(sp)
20001520:	4342                	lw	t1,16(sp)
20001522:	43d2                	lw	t2,20(sp)
20001524:	4462                	lw	s0,24(sp)
20001526:	44f2                	lw	s1,28(sp)
20001528:	5502                	lw	a0,32(sp)
2000152a:	5592                	lw	a1,36(sp)
2000152c:	5622                	lw	a2,40(sp)
2000152e:	56b2                	lw	a3,44(sp)
20001530:	5742                	lw	a4,48(sp)
20001532:	57d2                	lw	a5,52(sp)
20001534:	5862                	lw	a6,56(sp)
20001536:	58f2                	lw	a7,60(sp)
20001538:	4906                	lw	s2,64(sp)
2000153a:	4996                	lw	s3,68(sp)
2000153c:	4a26                	lw	s4,72(sp)
2000153e:	4ab6                	lw	s5,76(sp)
20001540:	4b46                	lw	s6,80(sp)
20001542:	4bd6                	lw	s7,84(sp)
20001544:	4c66                	lw	s8,88(sp)
20001546:	4cf6                	lw	s9,92(sp)
20001548:	5d06                	lw	s10,96(sp)
2000154a:	5d96                	lw	s11,100(sp)
2000154c:	5e26                	lw	t3,104(sp)
2000154e:	5eb6                	lw	t4,108(sp)
20001550:	5f46                	lw	t5,112(sp)
20001552:	5fd6                	lw	t6,116(sp)
20001554:	6109                	addi	sp,sp,128
20001556:	30200073          	mret

2000155a <FLASH_ROM_BEG>:
2000155a:	80040323          	sb	zero,-2042(s0)
2000155e:	4715                	li	a4,5
20001560:	80e40323          	sb	a4,-2042(s0)
20001564:	0001                	nop
20001566:	80a40223          	sb	a0,-2044(s0)
2000156a:	8082                	ret

2000156c <FLASH_ROM_END>:
2000156c:	80640783          	lb	a5,-2042(s0)
20001570:	fe07cee3          	bltz	a5,2000156c <FLASH_ROM_END>
20001574:	80040323          	sb	zero,-2042(s0)
20001578:	8082                	ret

2000157a <FLASH_ROM_IN>:
2000157a:	80640783          	lb	a5,-2042(s0)
2000157e:	fe07cee3          	bltz	a5,2000157a <FLASH_ROM_IN>
20001582:	80444503          	lbu	a0,-2044(s0)
20001586:	8082                	ret

20001588 <FLASH_ROM_OUT>:
20001588:	80640783          	lb	a5,-2042(s0)
2000158c:	fe07cee3          	bltz	a5,20001588 <FLASH_ROM_OUT>
20001590:	80a40223          	sb	a0,-2044(s0)
20001594:	8082                	ret

20001596 <FLASH_ROM_ADDR>:
20001596:	1141                	addi	sp,sp,-16
20001598:	c426                	sw	s1,8(sp)
2000159a:	c24a                	sw	s2,4(sp)
2000159c:	c04e                	sw	s3,0(sp)
2000159e:	c606                	sw	ra,12(sp)
200015a0:	0bf57713          	andi	a4,a0,191
200015a4:	47ad                	li	a5,11
200015a6:	89aa                	mv	s3,a0
200015a8:	892e                	mv	s2,a1
200015aa:	4495                	li	s1,5
200015ac:	00f70663          	beq	a4,a5,200015b8 <FLASH_ROM_ADDR+0x22>
200015b0:	4519                	li	a0,6
200015b2:	3765                	jal	2000155a <FLASH_ROM_BEG>
200015b4:	3f65                	jal	2000156c <FLASH_ROM_END>
200015b6:	448d                	li	s1,3
200015b8:	854e                	mv	a0,s3
200015ba:	3745                	jal	2000155a <FLASH_ROM_BEG>
200015bc:	59fd                	li	s3,-1
200015be:	14fd                	addi	s1,s1,-1
200015c0:	01349863          	bne	s1,s3,200015d0 <FLASH_ROM_ADDR+0x3a>
200015c4:	40b2                	lw	ra,12(sp)
200015c6:	44a2                	lw	s1,8(sp)
200015c8:	4912                	lw	s2,4(sp)
200015ca:	4982                	lw	s3,0(sp)
200015cc:	0141                	addi	sp,sp,16
200015ce:	8082                	ret
200015d0:	01095513          	srli	a0,s2,0x10
200015d4:	0ff57513          	zext.b	a0,a0
200015d8:	3f45                	jal	20001588 <FLASH_ROM_OUT>
200015da:	0922                	slli	s2,s2,0x8
200015dc:	b7cd                	j	200015be <FLASH_ROM_ADDR+0x28>

200015de <FLASH_ROM_WAIT>:
200015de:	1101                	addi	sp,sp,-32
200015e0:	cc26                	sw	s1,24(sp)
200015e2:	ce06                	sw	ra,28(sp)
200015e4:	000804b7          	lui	s1,0x80
200015e8:	3751                	jal	2000156c <FLASH_ROM_END>
200015ea:	4515                	li	a0,5
200015ec:	37bd                	jal	2000155a <FLASH_ROM_BEG>
200015ee:	3771                	jal	2000157a <FLASH_ROM_IN>
200015f0:	3769                	jal	2000157a <FLASH_ROM_IN>
200015f2:	c62a                	sw	a0,12(sp)
200015f4:	3fa5                	jal	2000156c <FLASH_ROM_END>
200015f6:	4532                	lw	a0,12(sp)
200015f8:	00157793          	andi	a5,a0,1
200015fc:	eb89                	bnez	a5,2000160e <FLASH_ROM_WAIT+0x30>
200015fe:	00156513          	ori	a0,a0,1
20001602:	0ff57513          	zext.b	a0,a0
20001606:	40f2                	lw	ra,28(sp)
20001608:	44e2                	lw	s1,24(sp)
2000160a:	6105                	addi	sp,sp,32
2000160c:	8082                	ret
2000160e:	14fd                	addi	s1,s1,-1 # 7ffff <_data_lma+0x7b7e3>
20001610:	fce9                	bnez	s1,200015ea <FLASH_ROM_WAIT+0xc>
20001612:	4501                	li	a0,0
20001614:	bfcd                	j	20001606 <FLASH_ROM_WAIT+0x28>

20001616 <FLASH_EEPROM_CMD>:
20001616:	7139                	addi	sp,sp,-64
20001618:	0007f7b7          	lui	a5,0x7f
2000161c:	de06                	sw	ra,60(sp)
2000161e:	dc26                	sw	s1,56(sp)
20001620:	da4a                	sw	s2,52(sp)
20001622:	d84e                	sw	s3,48(sp)
20001624:	d652                	sw	s4,44(sp)
20001626:	d456                	sw	s5,40(sp)
20001628:	d25a                	sw	s6,36(sp)
2000162a:	d05e                	sw	s7,32(sp)
2000162c:	ce62                	sw	s8,28(sp)
2000162e:	0247ab03          	lw	s6,36(a5) # 7f024 <_data_lma+0x7a808>
20001632:	577d                	li	a4,-1
20001634:	e000e7b7          	lui	a5,0xe000e
20001638:	0007aa83          	lw	s5,0(a5) # e000e000 <_eusrstack+0xbffee000>
2000163c:	c622                	sw	s0,12(sp)
2000163e:	0047aa03          	lw	s4,4(a5)
20001642:	18e7a023          	sw	a4,384(a5)
20001646:	18e7a223          	sw	a4,388(a5)
2000164a:	40001bb7          	lui	s7,0x40001
2000164e:	05700793          	li	a5,87
20001652:	04fb8023          	sb	a5,64(s7) # 40001040 <_eusrstack+0x1ffe1040>
20001656:	fa800793          	li	a5,-88
2000165a:	04fb8023          	sb	a5,64(s7)
2000165e:	044bc783          	lbu	a5,68(s7)
20001662:	4711                	li	a4,4
20001664:	89aa                	mv	s3,a0
20001666:	0e07e793          	ori	a5,a5,224
2000166a:	04fb8223          	sb	a5,68(s7)
2000166e:	40002437          	lui	s0,0x40002
20001672:	0ff00513          	li	a0,255
20001676:	80e40323          	sb	a4,-2042(s0) # 40001806 <_eusrstack+0x1ffe1806>
2000167a:	8c2e                	mv	s8,a1
2000167c:	8932                	mv	s2,a2
2000167e:	84b6                	mv	s1,a3
20001680:	3de9                	jal	2000155a <FLASH_ROM_BEG>
20001682:	35ed                	jal	2000156c <FLASH_ROM_END>
20001684:	ff798793          	addi	a5,s3,-9
20001688:	0ff7f793          	zext.b	a5,a5
2000168c:	4709                	li	a4,2
2000168e:	00fb7b13          	andi	s6,s6,15
20001692:	12f76263          	bltu	a4,a5,200017b6 <FLASH_EEPROM_CMD+0x1a0>
20001696:	47a1                	li	a5,8
20001698:	00080737          	lui	a4,0x80
2000169c:	00fb0763          	beq	s6,a5,200016aa <FLASH_EEPROM_CMD+0x94>
200016a0:	000707b7          	lui	a5,0x70
200016a4:	9c3e                	add	s8,s8,a5
200016a6:	00078737          	lui	a4,0x78
200016aa:	5579                	li	a0,-2
200016ac:	02ec7e63          	bgeu	s8,a4,200016e8 <FLASH_EEPROM_CMD+0xd2>
200016b0:	018487b3          	add	a5,s1,s8
200016b4:	02f76a63          	bltu	a4,a5,200016e8 <FLASH_EEPROM_CMD+0xd2>
200016b8:	47a9                	li	a5,10
200016ba:	06f99863          	bne	s3,a5,2000172a <FLASH_EEPROM_CMD+0x114>
200016be:	e489                	bnez	s1,200016c8 <FLASH_EEPROM_CMD+0xb2>
200016c0:	4481                	li	s1,0
200016c2:	356d                	jal	2000156c <FLASH_ROM_END>
200016c4:	8526                	mv	a0,s1
200016c6:	a00d                	j	200016e8 <FLASH_EEPROM_CMD+0xd2>
200016c8:	85e2                	mv	a1,s8
200016ca:	4509                	li	a0,2
200016cc:	35e9                	jal	20001596 <FLASH_ROM_ADDR>
200016ce:	0905                	addi	s2,s2,1
200016d0:	fff94503          	lbu	a0,-1(s2)
200016d4:	14fd                	addi	s1,s1,-1
200016d6:	0c05                	addi	s8,s8,1
200016d8:	3d45                	jal	20001588 <FLASH_ROM_OUT>
200016da:	c481                	beqz	s1,200016e2 <FLASH_EEPROM_CMD+0xcc>
200016dc:	0ffc7793          	zext.b	a5,s8
200016e0:	f7fd                	bnez	a5,200016ce <FLASH_EEPROM_CMD+0xb8>
200016e2:	3df5                	jal	200015de <FLASH_ROM_WAIT>
200016e4:	fd69                	bnez	a0,200016be <FLASH_EEPROM_CMD+0xa8>
200016e6:	557d                	li	a0,-1
200016e8:	400017b7          	lui	a5,0x40001
200016ec:	05700713          	li	a4,87
200016f0:	04e78023          	sb	a4,64(a5) # 40001040 <_eusrstack+0x1ffe1040>
200016f4:	fa800713          	li	a4,-88
200016f8:	04e78023          	sb	a4,64(a5)
200016fc:	0447c703          	lbu	a4,68(a5)
20001700:	8b41                	andi	a4,a4,16
20001702:	04e78223          	sb	a4,68(a5)
20001706:	50f2                	lw	ra,60(sp)
20001708:	e000e7b7          	lui	a5,0xe000e
2000170c:	1157a023          	sw	s5,256(a5) # e000e100 <_eusrstack+0xbffee100>
20001710:	1147a223          	sw	s4,260(a5)
20001714:	54e2                	lw	s1,56(sp)
20001716:	4432                	lw	s0,12(sp)
20001718:	5952                	lw	s2,52(sp)
2000171a:	59c2                	lw	s3,48(sp)
2000171c:	5a32                	lw	s4,44(sp)
2000171e:	5aa2                	lw	s5,40(sp)
20001720:	5b12                	lw	s6,36(sp)
20001722:	5b82                	lw	s7,32(sp)
20001724:	4c72                	lw	s8,28(sp)
20001726:	6121                	addi	sp,sp,64
20001728:	8082                	ret
2000172a:	47a5                	li	a5,9
2000172c:	06f99a63          	bne	s3,a5,200017a0 <FLASH_EEPROM_CMD+0x18a>
20001730:	47a1                	li	a5,8
20001732:	6985                	lui	s3,0x1
20001734:	02fb1d63          	bne	s6,a5,2000176e <FLASH_EEPROM_CMD+0x158>
20001738:	fff98793          	addi	a5,s3,-1 # fff <_highcode_lma+0xdf3>
2000173c:	009786b3          	add	a3,a5,s1
20001740:	00fc74b3          	and	s1,s8,a5
20001744:	94b6                	add	s1,s1,a3
20001746:	fff7c793          	not	a5,a5
2000174a:	8cfd                	and	s1,s1,a5
2000174c:	0187fc33          	and	s8,a5,s8
20001750:	6b41                	lui	s6,0x10
20001752:	6b85                	lui	s7,0x1
20001754:	fff98793          	addi	a5,s3,-1
20001758:	0187f7b3          	and	a5,a5,s8
2000175c:	e399                	bnez	a5,20001762 <FLASH_EEPROM_CMD+0x14c>
2000175e:	0134ff63          	bgeu	s1,s3,2000177c <FLASH_EEPROM_CMD+0x166>
20001762:	0049d993          	srli	s3,s3,0x4
20001766:	47c1                	li	a5,16
20001768:	ff37e6e3          	bltu	a5,s3,20001754 <FLASH_EEPROM_CMD+0x13e>
2000176c:	bf91                	j	200016c0 <FLASH_EEPROM_CMD+0xaa>
2000176e:	0ff00793          	li	a5,255
20001772:	b7e9                	j	2000173c <FLASH_EEPROM_CMD+0x126>
20001774:	6785                	lui	a5,0x1
20001776:	69c1                	lui	s3,0x10
20001778:	17fd                	addi	a5,a5,-1 # fff <_highcode_lma+0xdf3>
2000177a:	b7c9                	j	2000173c <FLASH_EEPROM_CMD+0x126>
2000177c:	0d800513          	li	a0,216
20001780:	01698863          	beq	s3,s6,20001790 <FLASH_EEPROM_CMD+0x17a>
20001784:	02000513          	li	a0,32
20001788:	01798463          	beq	s3,s7,20001790 <FLASH_EEPROM_CMD+0x17a>
2000178c:	08100513          	li	a0,129
20001790:	85e2                	mv	a1,s8
20001792:	3511                	jal	20001596 <FLASH_ROM_ADDR>
20001794:	35a9                	jal	200015de <FLASH_ROM_WAIT>
20001796:	d921                	beqz	a0,200016e6 <FLASH_EEPROM_CMD+0xd0>
20001798:	9c4e                	add	s8,s8,s3
2000179a:	413484b3          	sub	s1,s1,s3
2000179e:	b7c1                	j	2000175e <FLASH_EEPROM_CMD+0x148>
200017a0:	85e2                	mv	a1,s8
200017a2:	452d                	li	a0,11
200017a4:	3bcd                	jal	20001596 <FLASH_ROM_ADDR>
200017a6:	94ca                	add	s1,s1,s2
200017a8:	f0990ce3          	beq	s2,s1,200016c0 <FLASH_EEPROM_CMD+0xaa>
200017ac:	0905                	addi	s2,s2,1
200017ae:	33f1                	jal	2000157a <FLASH_ROM_IN>
200017b0:	fea90fa3          	sb	a0,-1(s2)
200017b4:	bfd5                	j	200017a8 <FLASH_EEPROM_CMD+0x192>
200017b6:	fff98793          	addi	a5,s3,-1 # ffff <_data_lma+0xb7e3>
200017ba:	0ff7f793          	zext.b	a5,a5
200017be:	0af76f63          	bltu	a4,a5,2000187c <.loop411+0x68>
200017c2:	47a1                	li	a5,8
200017c4:	06fb1963          	bne	s6,a5,20001836 <.loop411+0x22>
200017c8:	000807b7          	lui	a5,0x80
200017cc:	9c3e                	add	s8,s8,a5
200017ce:	045bc783          	lbu	a5,69(s7) # 1045 <_highcode_lma+0xe39>
200017d2:	00070737          	lui	a4,0x70
200017d6:	0207f793          	andi	a5,a5,32
200017da:	e399                	bnez	a5,200017e0 <FLASH_EEPROM_CMD+0x1ca>
200017dc:	00078737          	lui	a4,0x78
200017e0:	000807b7          	lui	a5,0x80
200017e4:	973e                	add	a4,a4,a5
200017e6:	5579                	li	a0,-2
200017e8:	f0ec70e3          	bgeu	s8,a4,200016e8 <FLASH_EEPROM_CMD+0xd2>
200017ec:	009c07b3          	add	a5,s8,s1
200017f0:	eef76ce3          	bltu	a4,a5,200016e8 <FLASH_EEPROM_CMD+0xd2>
200017f4:	4789                	li	a5,2
200017f6:	04f99a63          	bne	s3,a5,2000184a <.loop411+0x36>
200017fa:	8089                	srli	s1,s1,0x2
200017fc:	49d5                	li	s3,21
200017fe:	ec0481e3          	beqz	s1,200016c0 <FLASH_EEPROM_CMD+0xaa>
20001802:	85e2                	mv	a1,s8
20001804:	4509                	li	a0,2
20001806:	3b41                	jal	20001596 <FLASH_ROM_ADDR>
20001808:	0911                	addi	s2,s2,4
2000180a:	ffc92703          	lw	a4,-4(s2)
2000180e:	4791                	li	a5,4
20001810:	80e42023          	sw	a4,-2048(s0)

20001814 <.loop411>:
20001814:	80640703          	lb	a4,-2042(s0)
20001818:	fe074ee3          	bltz	a4,20001814 <.loop411>
2000181c:	81340323          	sb	s3,-2042(s0)
20001820:	17fd                	addi	a5,a5,-1 # 7ffff <_data_lma+0x7b7e3>
20001822:	fbed                	bnez	a5,20001814 <.loop411>
20001824:	14fd                	addi	s1,s1,-1
20001826:	0c11                	addi	s8,s8,4
20001828:	c481                	beqz	s1,20001830 <.loop411+0x1c>
2000182a:	0ffc7793          	zext.b	a5,s8
2000182e:	ffe9                	bnez	a5,20001808 <FLASH_EEPROM_CMD+0x1f2>
20001830:	337d                	jal	200015de <FLASH_ROM_WAIT>
20001832:	f571                	bnez	a0,200017fe <FLASH_EEPROM_CMD+0x1e8>
20001834:	bd4d                	j	200016e6 <FLASH_EEPROM_CMD+0xd0>
20001836:	045bc783          	lbu	a5,69(s7)
2000183a:	00070737          	lui	a4,0x70
2000183e:	0207f793          	andi	a5,a5,32
20001842:	f3d5                	bnez	a5,200017e6 <FLASH_EEPROM_CMD+0x1d0>
20001844:	00078737          	lui	a4,0x78
20001848:	bf79                	j	200017e6 <FLASH_EEPROM_CMD+0x1d0>
2000184a:	4785                	li	a5,1
2000184c:	f2f984e3          	beq	s3,a5,20001774 <FLASH_EEPROM_CMD+0x15e>
20001850:	85e2                	mv	a1,s8
20001852:	452d                	li	a0,11
20001854:	3389                	jal	20001596 <FLASH_ROM_ADDR>
20001856:	fff48993          	addi	s3,s1,-1
2000185a:	e60483e3          	beqz	s1,200016c0 <FLASH_EEPROM_CMD+0xaa>
2000185e:	3b31                	jal	2000157a <FLASH_ROM_IN>
20001860:	0039f793          	andi	a5,s3,3
20001864:	eb91                	bnez	a5,20001878 <.loop411+0x64>
20001866:	80042683          	lw	a3,-2048(s0)
2000186a:	00092703          	lw	a4,0(s2)
2000186e:	00490793          	addi	a5,s2,4
20001872:	e4e698e3          	bne	a3,a4,200016c2 <FLASH_EEPROM_CMD+0xac>
20001876:	893e                	mv	s2,a5
20001878:	84ce                	mv	s1,s3
2000187a:	bff1                	j	20001856 <.loop411+0x42>
2000187c:	47b5                	li	a5,13
2000187e:	00f99663          	bne	s3,a5,2000188a <.loop411+0x76>
20001882:	0b900513          	li	a0,185
20001886:	39d1                	jal	2000155a <FLASH_ROM_BEG>
20001888:	bd25                	j	200016c0 <FLASH_EEPROM_CMD+0xaa>
2000188a:	47b1                	li	a5,12
2000188c:	0ab00513          	li	a0,171
20001890:	fef98be3          	beq	s3,a5,20001886 <.loop411+0x72>
20001894:	4799                	li	a5,6
20001896:	04f99463          	bne	s3,a5,200018de <.loop411+0xca>
2000189a:	47a1                	li	a5,8
2000189c:	00fb1563          	bne	s6,a5,200018a6 <.loop411+0x92>
200018a0:	000807b7          	lui	a5,0x80
200018a4:	9c3e                	add	s8,s8,a5
200018a6:	85e2                	mv	a1,s8
200018a8:	452d                	li	a0,11
200018aa:	31f5                	jal	20001596 <FLASH_ROM_ADDR>
200018ac:	4481                	li	s1,0
200018ae:	4b0d                	li	s6,3
200018b0:	49a1                	li	s3,8
200018b2:	31e1                	jal	2000157a <FLASH_ROM_IN>
200018b4:	01649663          	bne	s1,s6,200018c0 <.loop411+0xac>
200018b8:	80042783          	lw	a5,-2048(s0)
200018bc:	00f92023          	sw	a5,0(s2)
200018c0:	0485                	addi	s1,s1,1
200018c2:	ff3498e3          	bne	s1,s3,200018b2 <.loop411+0x9e>
200018c6:	80042783          	lw	a5,-2048(s0)
200018ca:	012c1713          	slli	a4,s8,0x12
200018ce:	00075563          	bgez	a4,200018d8 <.loop411+0xc4>
200018d2:	00f91223          	sh	a5,4(s2)
200018d6:	b3ed                	j	200016c0 <FLASH_EEPROM_CMD+0xaa>
200018d8:	00f92223          	sw	a5,4(s2)
200018dc:	b3d5                	j	200016c0 <FLASH_EEPROM_CMD+0xaa>
200018de:	479d                	li	a5,7
200018e0:	02f99963          	bne	s3,a5,20001912 <.loop411+0xfe>
200018e4:	4581                	li	a1,0
200018e6:	04b00513          	li	a0,75
200018ea:	3175                	jal	20001596 <FLASH_ROM_ADDR>
200018ec:	44bd                	li	s1,15
200018ee:	00092023          	sw	zero,0(s2)
200018f2:	00092223          	sw	zero,4(s2)
200018f6:	59fd                	li	s3,-1
200018f8:	3149                	jal	2000157a <FLASH_ROM_IN>
200018fa:	0074f793          	andi	a5,s1,7
200018fe:	97ca                	add	a5,a5,s2
20001900:	0007c703          	lbu	a4,0(a5) # 80000 <_data_lma+0x7b7e4>
20001904:	14fd                	addi	s1,s1,-1
20001906:	8d39                	xor	a0,a0,a4
20001908:	00a78023          	sb	a0,0(a5)
2000190c:	ff3496e3          	bne	s1,s3,200018f8 <.loop411+0xe4>
20001910:	bb45                	j	200016c0 <FLASH_EEPROM_CMD+0xaa>
20001912:	4791                	li	a5,4
20001914:	00f99963          	bne	s3,a5,20001926 <.loop411+0x112>
20001918:	06600513          	li	a0,102
2000191c:	393d                	jal	2000155a <FLASH_ROM_BEG>
2000191e:	31b9                	jal	2000156c <FLASH_ROM_END>
20001920:	09900513          	li	a0,153
20001924:	b78d                	j	20001886 <.loop411+0x72>
20001926:	d8098de3          	beqz	s3,200016c0 <FLASH_EEPROM_CMD+0xaa>
2000192a:	54f1                	li	s1,-4
2000192c:	bb59                	j	200016c2 <FLASH_EEPROM_CMD+0xac>

2000192e <tmos_memcpy>:
2000192e:	e000e737          	lui	a4,0xe000e
20001932:	431c                	lw	a5,0(a4)
20001934:	002006b7          	lui	a3,0x200
20001938:	18d72023          	sw	a3,384(a4) # e000e180 <_eusrstack+0xbffee180>
2000193c:	8ff5                	and	a5,a5,a3
2000193e:	0000100f          	fence.i
20001942:	c119                	beqz	a0,20001948 <tmos_memcpy+0x1a>
20001944:	c191                	beqz	a1,20001948 <tmos_memcpy+0x1a>
20001946:	e611                	bnez	a2,20001952 <tmos_memcpy+0x24>
20001948:	e000e737          	lui	a4,0xe000e
2000194c:	10f72023          	sw	a5,256(a4) # e000e100 <_eusrstack+0xbffee100>
20001950:	8082                	ret
20001952:	962e                	add	a2,a2,a1
20001954:	50b6700f          	mcpy	a2,a1,a0
20001958:	bfd5                	j	2000194c <tmos_memcpy+0x1e>

2000195a <tmos_memset>:
2000195a:	e000e737          	lui	a4,0xe000e
2000195e:	431c                	lw	a5,0(a4)
20001960:	002006b7          	lui	a3,0x200
20001964:	18d72023          	sw	a3,384(a4) # e000e180 <_eusrstack+0xbffee180>
20001968:	8ff5                	and	a5,a5,a3
2000196a:	0000100f          	fence.i
2000196e:	c501                	beqz	a0,20001976 <tmos_memset+0x1c>
20001970:	00c50733          	add	a4,a0,a2
20001974:	e611                	bnez	a2,20001980 <tmos_memset+0x26>
20001976:	e000e737          	lui	a4,0xe000e
2000197a:	10f72023          	sw	a5,256(a4) # e000e100 <_eusrstack+0xbffee100>
2000197e:	8082                	ret
20001980:	0505                	addi	a0,a0,1
20001982:	feb50fa3          	sb	a1,-1(a0)
20001986:	fee51de3          	bne	a0,a4,20001980 <tmos_memset+0x26>
2000198a:	b7f5                	j	20001976 <tmos_memset+0x1c>

2000198c <tmos_isbufset>:
2000198c:	e000e737          	lui	a4,0xe000e
20001990:	431c                	lw	a5,0(a4)
20001992:	002006b7          	lui	a3,0x200
20001996:	18d72023          	sw	a3,384(a4) # e000e180 <_eusrstack+0xbffee180>
2000199a:	8ff5                	and	a5,a5,a3
2000199c:	0000100f          	fence.i
200019a0:	c501                	beqz	a0,200019a8 <tmos_isbufset+0x1c>
200019a2:	00c50733          	add	a4,a0,a2
200019a6:	e619                	bnez	a2,200019b4 <tmos_isbufset+0x28>
200019a8:	e000e737          	lui	a4,0xe000e
200019ac:	10f72023          	sw	a5,256(a4) # e000e100 <_eusrstack+0xbffee100>
200019b0:	4501                	li	a0,0
200019b2:	8082                	ret
200019b4:	2114                	.2byte	0x2114
200019b6:	0505                	addi	a0,a0,1
200019b8:	feb698e3          	bne	a3,a1,200019a8 <tmos_isbufset+0x1c>
200019bc:	fee51ce3          	bne	a0,a4,200019b4 <tmos_isbufset+0x28>
200019c0:	e000e737          	lui	a4,0xe000e
200019c4:	10f72023          	sw	a5,256(a4) # e000e100 <_eusrstack+0xbffee100>
200019c8:	4505                	li	a0,1
200019ca:	8082                	ret

200019cc <tmos_memory_allocate>:
200019cc:	1141                	addi	sp,sp,-16
200019ce:	e000e7b7          	lui	a5,0xe000e
200019d2:	c422                	sw	s0,8(sp)
200019d4:	4380                	lw	s0,0(a5)
200019d6:	00200737          	lui	a4,0x200
200019da:	c606                	sw	ra,12(sp)
200019dc:	8c79                	and	s0,s0,a4
200019de:	18e7a023          	sw	a4,384(a5) # e000e180 <_eusrstack+0xbffee180>
200019e2:	0000100f          	fence.i
200019e6:	c111                	beqz	a0,200019ea <tmos_memory_allocate+0x1e>
200019e8:	e599                	bnez	a1,200019f6 <tmos_memory_allocate+0x2a>
200019ea:	e000e7b7          	lui	a5,0xe000e
200019ee:	1087a023          	sw	s0,256(a5) # e000e100 <_eusrstack+0xbffee100>
200019f2:	4501                	li	a0,0
200019f4:	a849                	j	20001a86 <tmos_memory_allocate+0xba>
200019f6:	050d                	addi	a0,a0,3
200019f8:	08054533          	zext.h	a0,a0
200019fc:	03400713          	li	a4,52
20001a00:	9971                	andi	a0,a0,-4
20001a02:	080547b3          	zext.h	a5,a0
20001a06:	02a76263          	bltu	a4,a0,20001a2a <tmos_memory_allocate+0x5e>
20001a0a:	8881a503          	lw	a0,-1912(gp) # 200021d8 <MemCtlStart>
20001a0e:	8801a683          	lw	a3,-1920(gp) # 200021d0 <MemCtlEnd>
20001a12:	00a69f63          	bne	a3,a0,20001a30 <tmos_memory_allocate+0x64>
20001a16:	00003717          	auipc	a4,0x3
20001a1a:	69272703          	lw	a4,1682(a4) # 200050a8 <ble+0x30>
20001a1e:	d771                	beqz	a4,200019ea <tmos_memory_allocate+0x1e>
20001a20:	07c2                	slli	a5,a5,0x10
20001a22:	8ddd                	or	a1,a1,a5
20001a24:	4505                	li	a0,1
20001a26:	9702                	jalr	a4
20001a28:	b7c9                	j	200019ea <tmos_memory_allocate+0x1e>
20001a2a:	8841a503          	lw	a0,-1916(gp) # 200021d4 <MemCtlPartition>
20001a2e:	b7c5                	j	20001a0e <tmos_memory_allocate+0x42>
20001a30:	217a                	.2byte	0x217a
20001a32:	ef31                	bnez	a4,20001a8e <tmos_memory_allocate+0xc2>
20001a34:	215a                	.2byte	0x215a
20001a36:	04f76c63          	bltu	a4,a5,20001a8e <tmos_memory_allocate+0xc2>
20001a3a:	40f706b3          	sub	a3,a4,a5
20001a3e:	4821                	li	a6,8
20001a40:	00003617          	auipc	a2,0x3
20001a44:	61060613          	addi	a2,a2,1552 # 20005050 <gTmosPara>
20001a48:	02d87563          	bgeu	a6,a3,20001a72 <tmos_memory_allocate+0xa6>
20001a4c:	00052883          	lw	a7,0(a0)
20001a50:	00665803          	lhu	a6,6(a2)
20001a54:	00878693          	addi	a3,a5,8
20001a58:	8f1d                	sub	a4,a4,a5
20001a5a:	96aa                	add	a3,a3,a0
20001a5c:	1761                	addi	a4,a4,-8
20001a5e:	a2da                	.2byte	0xa2da
20001a60:	0116a023          	sw	a7,0(a3) # 200000 <_data_lma+0x1fb7e4>
20001a64:	00069323          	sh	zero,6(a3)
20001a68:	c114                	sw	a3,0(a0)
20001a6a:	a15e                	.2byte	0xa15e
20001a6c:	ff880713          	addi	a4,a6,-8
20001a70:	a27a                	.2byte	0xa27a
20001a72:	227a                	.2byte	0x227a
20001a74:	a16e                	.2byte	0xa16e
20001a76:	0521                	addi	a0,a0,8
20001a78:	40f707b3          	sub	a5,a4,a5
20001a7c:	a27e                	.2byte	0xa27e
20001a7e:	e000e7b7          	lui	a5,0xe000e
20001a82:	1087a023          	sw	s0,256(a5) # e000e100 <_eusrstack+0xbffee100>
20001a86:	40b2                	lw	ra,12(sp)
20001a88:	4422                	lw	s0,8(sp)
20001a8a:	0141                	addi	sp,sp,16
20001a8c:	8082                	ret
20001a8e:	4108                	lw	a0,0(a0)
20001a90:	b749                	j	20001a12 <tmos_memory_allocate+0x46>

20001a92 <tmos_memory_free>:
20001a92:	e000e7b7          	lui	a5,0xe000e
20001a96:	438c                	lw	a1,0(a5)
20001a98:	00200737          	lui	a4,0x200
20001a9c:	18e7a023          	sw	a4,384(a5) # e000e180 <_eusrstack+0xbffee180>
20001aa0:	8df9                	and	a1,a1,a4
20001aa2:	0000100f          	fence.i
20001aa6:	e501                	bnez	a0,20001aae <tmos_memory_free+0x1c>
20001aa8:	10b7a023          	sw	a1,256(a5)
20001aac:	8082                	ret
20001aae:	8881a303          	lw	t1,-1912(gp) # 200021d8 <MemCtlStart>
20001ab2:	8801a883          	lw	a7,-1920(gp) # 200021d0 <MemCtlEnd>
20001ab6:	879a                	mv	a5,t1
20001ab8:	4681                	li	a3,0
20001aba:	0917f863          	bgeu	a5,a7,20001b4a <tmos_memory_free+0xb8>
20001abe:	0007a803          	lw	a6,0(a5)
20001ac2:	08f56763          	bltu	a0,a5,20001b50 <tmos_memory_free+0xbe>
20001ac6:	08a86563          	bltu	a6,a0,20001b50 <tmos_memory_free+0xbe>
20001aca:	00878713          	addi	a4,a5,8
20001ace:	06e56e63          	bltu	a0,a4,20001b4a <tmos_memory_free+0xb8>
20001ad2:	23f2                	.2byte	0x23f2
20001ad4:	6721                	lui	a4,0x8
20001ad6:	0705                	addi	a4,a4,1 # 8001 <_data_lma+0x37e5>
20001ad8:	00e61763          	bne	a2,a4,20001ae6 <tmos_memory_free+0x54>
20001adc:	88c18613          	addi	a2,gp,-1908 # 200021dc <l2capNumRecvDataPkts>
20001ae0:	2218                	.2byte	0x2218
20001ae2:	0705                	addi	a4,a4,1
20001ae4:	a218                	.2byte	0xa218
20001ae6:	00003517          	auipc	a0,0x3
20001aea:	56a50513          	addi	a0,a0,1386 # 20005050 <gTmosPara>
20001aee:	23d2                	.2byte	0x23d2
20001af0:	217a                	.2byte	0x217a
20001af2:	00079323          	sh	zero,6(a5)
20001af6:	9732                	add	a4,a4,a2
20001af8:	08074733          	zext.h	a4,a4
20001afc:	a17a                	.2byte	0xa17a
20001afe:	02678363          	beq	a5,t1,20001b24 <tmos_memory_free+0x92>
20001b02:	8841a303          	lw	t1,-1916(gp) # 200021d4 <MemCtlPartition>
20001b06:	00f30f63          	beq	t1,a5,20001b24 <tmos_memory_free+0x92>
20001b0a:	0066d303          	lhu	t1,6(a3)
20001b0e:	00031b63          	bnez	t1,20001b24 <tmos_memory_free+0x92>
20001b12:	22de                	.2byte	0x22de
20001b14:	0106a023          	sw	a6,0(a3)
20001b18:	0721                	addi	a4,a4,8
20001b1a:	963e                	add	a2,a2,a5
20001b1c:	0621                	addi	a2,a2,8
20001b1e:	a2d2                	.2byte	0xa2d2
20001b20:	a17a                	.2byte	0xa17a
20001b22:	87b6                	mv	a5,a3
20001b24:	4398                	lw	a4,0(a5)
20001b26:	03170263          	beq	a4,a7,20001b4a <tmos_memory_free+0xb8>
20001b2a:	8841a683          	lw	a3,-1916(gp) # 200021d4 <MemCtlPartition>
20001b2e:	00d70e63          	beq	a4,a3,20001b4a <tmos_memory_free+0xb8>
20001b32:	2376                	.2byte	0x2376
20001b34:	ea99                	bnez	a3,20001b4a <tmos_memory_free+0xb8>
20001b36:	23d6                	.2byte	0x23d6
20001b38:	2352                	.2byte	0x2352
20001b3a:	4318                	lw	a4,0(a4)
20001b3c:	06a1                	addi	a3,a3,8
20001b3e:	96b2                	add	a3,a3,a2
20001b40:	a3d6                	.2byte	0xa3d6
20001b42:	c398                	sw	a4,0(a5)
20001b44:	217e                	.2byte	0x217e
20001b46:	07a1                	addi	a5,a5,8
20001b48:	a17e                	.2byte	0xa17e
20001b4a:	e000e7b7          	lui	a5,0xe000e
20001b4e:	bfa9                	j	20001aa8 <tmos_memory_free+0x16>
20001b50:	86be                	mv	a3,a5
20001b52:	87c2                	mv	a5,a6
20001b54:	b79d                	j	20001aba <tmos_memory_free+0x28>

20001b56 <TMOS_CB_ProcessEvent>:
20001b56:	1141                	addi	sp,sp,-16
20001b58:	c422                	sw	s0,8(sp)
20001b5a:	c606                	sw	ra,12(sp)
20001b5c:	c226                	sw	s1,4(sp)
20001b5e:	c04a                	sw	s2,0(sp)
20001b60:	842e                	mv	s0,a1
20001b62:	cd8d                	beqz	a1,20001b9c <TMOS_CB_ProcessEvent+0x46>
20001b64:	0015f913          	andi	s2,a1,1
20001b68:	4781                	li	a5,0
20001b6a:	4741                	li	a4,16
20001b6c:	04090263          	beqz	s2,20001bb0 <TMOS_CB_ProcessEvent+0x5a>
20001b70:	00451713          	slli	a4,a0,0x4
20001b74:	973e                	add	a4,a4,a5
20001b76:	46b1                	li	a3,12
20001b78:	02d70733          	mul	a4,a4,a3
20001b7c:	8641a483          	lw	s1,-1948(gp) # 200021b4 <cbTimersHead>
20001b80:	28f017b3          	bset	a5,zero,a5
20001b84:	0807c933          	zext.h	s2,a5
20001b88:	94ba                	add	s1,s1,a4
20001b8a:	409c                	lw	a5,0(s1)
20001b8c:	40c8                	lw	a0,4(s1)
20001b8e:	9782                	jalr	a5
20001b90:	0004a023          	sw	zero,0(s1)
20001b94:	0004a223          	sw	zero,4(s1)
20001b98:	00894433          	xor	s0,s2,s0
20001b9c:	40b2                	lw	ra,12(sp)
20001b9e:	8522                	mv	a0,s0
20001ba0:	4422                	lw	s0,8(sp)
20001ba2:	4492                	lw	s1,4(sp)
20001ba4:	4902                	lw	s2,0(sp)
20001ba6:	0141                	addi	sp,sp,16
20001ba8:	8082                	ret
20001baa:	48f456b3          	bext	a3,s0,a5
20001bae:	f2e9                	bnez	a3,20001b70 <TMOS_CB_ProcessEvent+0x1a>
20001bb0:	0785                	addi	a5,a5,1 # e000e001 <_eusrstack+0xbffee001>
20001bb2:	fee79ce3          	bne	a5,a4,20001baa <TMOS_CB_ProcessEvent+0x54>
20001bb6:	b7cd                	j	20001b98 <TMOS_CB_ProcessEvent+0x42>

20001bb8 <TMOS_CB_PeriodicProcessEvent>:
20001bb8:	1101                	addi	sp,sp,-32
20001bba:	ca26                	sw	s1,20(sp)
20001bbc:	ce06                	sw	ra,28(sp)
20001bbe:	cc22                	sw	s0,24(sp)
20001bc0:	c84a                	sw	s2,16(sp)
20001bc2:	c64e                	sw	s3,12(sp)
20001bc4:	84ae                	mv	s1,a1
20001bc6:	c5a1                	beqz	a1,20001c0e <TMOS_CB_PeriodicProcessEvent+0x56>
20001bc8:	0015f793          	andi	a5,a1,1
20001bcc:	4401                	li	s0,0
20001bce:	4741                	li	a4,16
20001bd0:	cbb1                	beqz	a5,20001c24 <TMOS_CB_PeriodicProcessEvent+0x6c>
20001bd2:	00451793          	slli	a5,a0,0x4
20001bd6:	97a2                	add	a5,a5,s0
20001bd8:	4731                	li	a4,12
20001bda:	02e787b3          	mul	a5,a5,a4
20001bde:	86418993          	addi	s3,gp,-1948 # 200021b4 <cbTimersHead>
20001be2:	0009a903          	lw	s2,0(s3)
20001be6:	993e                	add	s2,s2,a5
20001be8:	00092783          	lw	a5,0(s2)
20001bec:	c781                	beqz	a5,20001bf4 <TMOS_CB_PeriodicProcessEvent+0x3c>
20001bee:	00492503          	lw	a0,4(s2)
20001bf2:	9782                	jalr	a5
20001bf4:	4731                	li	a4,12
20001bf6:	02e40733          	mul	a4,s0,a4
20001bfa:	0009a783          	lw	a5,0(s3)
20001bfe:	97ba                	add	a5,a5,a4
20001c00:	479c                	lw	a5,8(a5)
20001c02:	c78d                	beqz	a5,20001c2c <TMOS_CB_PeriodicProcessEvent+0x74>
20001c04:	28801433          	bset	s0,zero,s0
20001c08:	080447b3          	zext.h	a5,s0
20001c0c:	8cbd                	xor	s1,s1,a5
20001c0e:	40f2                	lw	ra,28(sp)
20001c10:	4462                	lw	s0,24(sp)
20001c12:	4942                	lw	s2,16(sp)
20001c14:	49b2                	lw	s3,12(sp)
20001c16:	8526                	mv	a0,s1
20001c18:	44d2                	lw	s1,20(sp)
20001c1a:	6105                	addi	sp,sp,32
20001c1c:	8082                	ret
20001c1e:	4884d6b3          	bext	a3,s1,s0
20001c22:	fac5                	bnez	a3,20001bd2 <TMOS_CB_PeriodicProcessEvent+0x1a>
20001c24:	0405                	addi	s0,s0,1
20001c26:	fee41ce3          	bne	s0,a4,20001c1e <TMOS_CB_PeriodicProcessEvent+0x66>
20001c2a:	b7cd                	j	20001c0c <TMOS_CB_PeriodicProcessEvent+0x54>
20001c2c:	00092023          	sw	zero,0(s2)
20001c30:	00092223          	sw	zero,4(s2)
20001c34:	bfc1                	j	20001c04 <TMOS_CB_PeriodicProcessEvent+0x4c>

20001c36 <tmosFindTask>:
20001c36:	87aa                	mv	a5,a0
20001c38:	85c1a503          	lw	a0,-1956(gp) # 200021ac <taskHead>
20001c3c:	e111                	bnez	a0,20001c40 <tmosFindTask+0xa>
20001c3e:	8082                	ret
20001c40:	213a                	.2byte	0x213a
20001c42:	00b71563          	bne	a4,a1,20001c4c <tmosFindTask+0x16>
20001c46:	2118                	.2byte	0x2118
20001c48:	fef70be3          	beq	a4,a5,20001c3e <tmosFindTask+0x8>
20001c4c:	4548                	lw	a0,12(a0)
20001c4e:	b7fd                	j	20001c3c <tmosFindTask+0x6>

20001c50 <tmos_start_periodic_callback_task>:
20001c50:	7179                	addi	sp,sp,-48
20001c52:	e000e7b7          	lui	a5,0xe000e
20001c56:	d422                	sw	s0,40(sp)
20001c58:	4380                	lw	s0,0(a5)
20001c5a:	cc52                	sw	s4,24(sp)
20001c5c:	d606                	sw	ra,44(sp)
20001c5e:	d226                	sw	s1,36(sp)
20001c60:	d04a                	sw	s2,32(sp)
20001c62:	ce4e                	sw	s3,28(sp)
20001c64:	ca56                	sw	s5,20(sp)
20001c66:	c85a                	sw	s6,16(sp)
20001c68:	c65e                	sw	s7,12(sp)
20001c6a:	c462                	sw	s8,8(sp)
20001c6c:	8a3a                	mv	s4,a4
20001c6e:	00200737          	lui	a4,0x200
20001c72:	8c79                	and	s0,s0,a4
20001c74:	18e7a023          	sw	a4,384(a5) # e000e180 <_eusrstack+0xbffee180>
20001c78:	0000100f          	fence.i
20001c7c:	e105                	bnez	a0,20001c9c <tmos_start_periodic_callback_task+0x4c>
20001c7e:	1087a023          	sw	s0,256(a5)
20001c82:	4509                	li	a0,2
20001c84:	50b2                	lw	ra,44(sp)
20001c86:	5422                	lw	s0,40(sp)
20001c88:	5492                	lw	s1,36(sp)
20001c8a:	5902                	lw	s2,32(sp)
20001c8c:	49f2                	lw	s3,28(sp)
20001c8e:	4a62                	lw	s4,24(sp)
20001c90:	4ad2                	lw	s5,20(sp)
20001c92:	4b42                	lw	s6,16(sp)
20001c94:	4bb2                	lw	s7,12(sp)
20001c96:	4c22                	lw	s8,8(sp)
20001c98:	6145                	addi	sp,sp,48
20001c9a:	8082                	ret
20001c9c:	8541a783          	lw	a5,-1964(gp) # 200021a4 <fnGetClockCBs>
20001ca0:	89b6                	mv	s3,a3
20001ca2:	892a                	mv	s2,a0
20001ca4:	8aae                	mv	s5,a1
20001ca6:	8b32                	mv	s6,a2
20001ca8:	86418b93          	addi	s7,gp,-1948 # 200021b4 <cbTimersHead>
20001cac:	9782                	jalr	a5
20001cae:	000ba703          	lw	a4,0(s7)
20001cb2:	4481                	li	s1,0
20001cb4:	46b1                	li	a3,12
20001cb6:	47c1                	li	a5,16
20001cb8:	02d48c33          	mul	s8,s1,a3
20001cbc:	01870633          	add	a2,a4,s8
20001cc0:	4210                	lw	a2,0(a2)
20001cc2:	ee2d                	bnez	a2,20001d3c <tmos_start_periodic_callback_task+0xec>
20001cc4:	65c1                	lui	a1,0x10
20001cc6:	f0058593          	addi	a1,a1,-256 # ff00 <_data_lma+0xb6e4>
20001cca:	4541                	li	a0,16
20001ccc:	3301                	jal	200019cc <tmos_memory_allocate>
20001cce:	ed19                	bnez	a0,20001cec <tmos_start_periodic_callback_task+0x9c>
20001cd0:	00003797          	auipc	a5,0x3
20001cd4:	3d87a783          	lw	a5,984(a5) # 200050a8 <ble+0x30>
20001cd8:	c781                	beqz	a5,20001ce0 <tmos_start_periodic_callback_task+0x90>
20001cda:	4581                	li	a1,0
20001cdc:	4511                	li	a0,4
20001cde:	9782                	jalr	a5
20001ce0:	e000e7b7          	lui	a5,0xe000e
20001ce4:	1087a023          	sw	s0,256(a5) # e000e100 <_eusrstack+0xbffee100>
20001ce8:	452d                	li	a0,11
20001cea:	bf69                	j	20001c84 <tmos_start_periodic_callback_task+0x34>
20001cec:	85c18713          	addi	a4,gp,-1956 # 200021ac <taskHead>
20001cf0:	431c                	lw	a5,0(a4)
20001cf2:	e3a1                	bnez	a5,20001d32 <tmos_start_periodic_callback_task+0xe2>
20001cf4:	c308                	sw	a0,0(a4)
20001cf6:	00050023          	sb	zero,0(a0)
20001cfa:	289017b3          	bset	a5,zero,s1
20001cfe:	a13e                	.2byte	0xa13e
20001d00:	000ba783          	lw	a5,0(s7)
20001d04:	00052623          	sw	zero,12(a0)
20001d08:	01652423          	sw	s6,8(a0)
20001d0c:	01452223          	sw	s4,4(a0)
20001d10:	97e2                	add	a5,a5,s8
20001d12:	0127a023          	sw	s2,0(a5)
20001d16:	0157a223          	sw	s5,4(a5)
20001d1a:	0147a423          	sw	s4,8(a5)
20001d1e:	00098463          	beqz	s3,20001d26 <tmos_start_periodic_callback_task+0xd6>
20001d22:	00998023          	sb	s1,0(s3)
20001d26:	e000e7b7          	lui	a5,0xe000e
20001d2a:	1087a023          	sw	s0,256(a5) # e000e100 <_eusrstack+0xbffee100>
20001d2e:	4501                	li	a0,0
20001d30:	bf91                	j	20001c84 <tmos_start_periodic_callback_task+0x34>
20001d32:	873e                	mv	a4,a5
20001d34:	47dc                	lw	a5,12(a5)
20001d36:	fff5                	bnez	a5,20001d32 <tmos_start_periodic_callback_task+0xe2>
20001d38:	c748                	sw	a0,12(a4)
20001d3a:	bf75                	j	20001cf6 <tmos_start_periodic_callback_task+0xa6>
20001d3c:	0485                	addi	s1,s1,1
20001d3e:	f6f49de3          	bne	s1,a5,20001cb8 <tmos_start_periodic_callback_task+0x68>
20001d42:	e000e7b7          	lui	a5,0xe000e
20001d46:	1087a023          	sw	s0,256(a5) # e000e100 <_eusrstack+0xbffee100>
20001d4a:	4521                	li	a0,8
20001d4c:	bf25                	j	20001c84 <tmos_start_periodic_callback_task+0x34>

20001d4e <tmos_set_event>:
20001d4e:	e000e7b7          	lui	a5,0xe000e
20001d52:	4398                	lw	a4,0(a5)
20001d54:	002006b7          	lui	a3,0x200
20001d58:	18d7a023          	sw	a3,384(a5) # e000e180 <_eusrstack+0xbffee180>
20001d5c:	8f75                	and	a4,a4,a3
20001d5e:	0000100f          	fence.i
20001d62:	00003697          	auipc	a3,0x3
20001d66:	2ef6c683          	lbu	a3,751(a3) # 20005051 <gTmosPara+0x1>
20001d6a:	02d57163          	bgeu	a0,a3,20001d8c <tmos_set_event+0x3e>
20001d6e:	8601a683          	lw	a3,-1952(gp) # 200021b0 <EventsArr>
20001d72:	20d52533          	sh1add	a0,a0,a3
20001d76:	2116                	.2byte	0x2116
20001d78:	8dd5                	or	a1,a1,a3
20001d7a:	a10e                	.2byte	0xa10e
20001d7c:	00003697          	auipc	a3,0x3
20001d80:	2e06a223          	sw	zero,740(a3) # 20005060 <gTmosPara+0x10>
20001d84:	10e7a023          	sw	a4,256(a5)
20001d88:	4501                	li	a0,0
20001d8a:	8082                	ret
20001d8c:	10e7a023          	sw	a4,256(a5)
20001d90:	450d                	li	a0,3
20001d92:	8082                	ret

20001d94 <tmos_update_periodic_callback_timer>:
20001d94:	1101                	addi	sp,sp,-32
20001d96:	e000e7b7          	lui	a5,0xe000e
20001d9a:	cc22                	sw	s0,24(sp)
20001d9c:	4380                	lw	s0,0(a5)
20001d9e:	00200737          	lui	a4,0x200
20001da2:	ce06                	sw	ra,28(sp)
20001da4:	ca26                	sw	s1,20(sp)
20001da6:	c84a                	sw	s2,16(sp)
20001da8:	8c79                	and	s0,s0,a4
20001daa:	18e7a023          	sw	a4,384(a5) # e000e180 <_eusrstack+0xbffee180>
20001dae:	0000100f          	fence.i
20001db2:	47bd                	li	a5,15
20001db4:	04a7e763          	bltu	a5,a0,20001e02 <tmos_update_periodic_callback_timer+0x6e>
20001db8:	4731                	li	a4,12
20001dba:	02e50733          	mul	a4,a0,a4
20001dbe:	8641a783          	lw	a5,-1948(gp) # 200021b4 <cbTimersHead>
20001dc2:	97ba                	add	a5,a5,a4
20001dc4:	439c                	lw	a5,0(a5)
20001dc6:	cf95                	beqz	a5,20001e02 <tmos_update_periodic_callback_timer+0x6e>
20001dc8:	28a01533          	bset	a0,zero,a0
20001dcc:	892e                	mv	s2,a1
20001dce:	080545b3          	zext.h	a1,a0
20001dd2:	4501                	li	a0,0
20001dd4:	c62e                	sw	a1,12(sp)
20001dd6:	3585                	jal	20001c36 <tmosFindTask>
20001dd8:	84aa                	mv	s1,a0
20001dda:	c909                	beqz	a0,20001dec <tmos_update_periodic_callback_timer+0x58>
20001ddc:	45b2                	lw	a1,12(sp)
20001dde:	4501                	li	a0,0
20001de0:	e0001097          	auipc	ra,0xe0001
20001de4:	a00080e7          	jalr	-1536(ra) # 27e0 <tmos_clear_event>
20001de8:	0124a423          	sw	s2,8(s1)
20001dec:	e000e7b7          	lui	a5,0xe000e
20001df0:	1087a023          	sw	s0,256(a5) # e000e100 <_eusrstack+0xbffee100>
20001df4:	4501                	li	a0,0
20001df6:	40f2                	lw	ra,28(sp)
20001df8:	4462                	lw	s0,24(sp)
20001dfa:	44d2                	lw	s1,20(sp)
20001dfc:	4942                	lw	s2,16(sp)
20001dfe:	6105                	addi	sp,sp,32
20001e00:	8082                	ret
20001e02:	e000e7b7          	lui	a5,0xe000e
20001e06:	1087a023          	sw	s0,256(a5) # e000e100 <_eusrstack+0xbffee100>
20001e0a:	4509                	li	a0,2
20001e0c:	b7ed                	j	20001df6 <tmos_update_periodic_callback_timer+0x62>

20001e0e <BLE_CheckChannel>:
20001e0e:	86c1a783          	lw	a5,-1940(gp) # 200021bc <gptrBBReg>
20001e12:	4398                	lw	a4,0(a5)
20001e14:	ffce0637          	lui	a2,0xffce0
20001e18:	167d                	addi	a2,a2,-1 # ffcdffff <_eusrstack+0xdfcbffff>
20001e1a:	cff77713          	andi	a4,a4,-769
20001e1e:	10076713          	ori	a4,a4,256
20001e22:	c398                	sw	a4,0(a5)
20001e24:	8781a703          	lw	a4,-1928(gp) # 200021c8 <gptrRFENDReg>
20001e28:	4714                	lw	a3,8(a4)
20001e2a:	00030837          	lui	a6,0x30
20001e2e:	1ff57513          	andi	a0,a0,511
20001e32:	8ef1                	and	a3,a3,a2
20001e34:	c714                	sw	a3,8(a4)
20001e36:	8741a683          	lw	a3,-1932(gp) # 200021c4 <gptrLLEReg>
20001e3a:	0506a823          	sw	a6,80(a3)
20001e3e:	0007a423          	sw	zero,8(a5)
20001e42:	4b90                	lw	a2,16(a5)
20001e44:	07f5f593          	andi	a1,a1,127
20001e48:	15880813          	addi	a6,a6,344 # 30158 <_data_lma+0x2b93c>
20001e4c:	03f66613          	ori	a2,a2,63
20001e50:	cb90                	sw	a2,16(a5)
20001e52:	4390                	lw	a2,0(a5)
20001e54:	08066613          	ori	a2,a2,128
20001e58:	c390                	sw	a2,0(a5)
20001e5a:	4ff0                	lw	a2,92(a5)
20001e5c:	e0067613          	andi	a2,a2,-512
20001e60:	8e49                	or	a2,a2,a0
20001e62:	cff0                	sw	a2,92(a5)
20001e64:	0407ac23          	sw	zero,88(a5)
20001e68:	0607a023          	sw	zero,96(a5)
20001e6c:	5750                	lw	a2,44(a4)
20001e6e:	9a75                	andi	a2,a2,-3
20001e70:	d750                	sw	a2,44(a4)
20001e72:	4390                	lw	a2,0(a5)
20001e74:	f8067613          	andi	a2,a2,-128
20001e78:	8e4d                	or	a2,a2,a1
20001e7a:	c390                	sw	a2,0(a5)
20001e7c:	1f400613          	li	a2,500
20001e80:	d2f0                	sw	a2,100(a3)
20001e82:	00003617          	auipc	a2,0x3
20001e86:	26062d23          	sw	zero,634(a2) # 200050fc <gBleIPPara+0x14>
20001e8a:	00003617          	auipc	a2,0x3
20001e8e:	26062123          	sw	zero,610(a2) # 200050ec <gBleIPPara+0x4>
20001e92:	4605                	li	a2,1
20001e94:	c290                	sw	a2,0(a3)
20001e96:	4390                	lw	a2,0(a5)
20001e98:	003305b7          	lui	a1,0x330
20001e9c:	cff67613          	andi	a2,a2,-769
20001ea0:	c390                	sw	a2,0(a5)
20001ea2:	4390                	lw	a2,0(a5)
20001ea4:	cff67613          	andi	a2,a2,-769
20001ea8:	20066613          	ori	a2,a2,512
20001eac:	c390                	sw	a2,0(a5)
20001eae:	4710                	lw	a2,8(a4)
20001eb0:	8e4d                	or	a2,a2,a1
20001eb2:	c710                	sw	a2,8(a4)
20001eb4:	0506a823          	sw	a6,80(a3)
20001eb8:	53d8                	lw	a4,36(a5)
20001eba:	28f71713          	bseti	a4,a4,0xf
20001ebe:	d3d8                	sw	a4,36(a5)
20001ec0:	4725                	li	a4,9
20001ec2:	52f0                	lw	a2,100(a3)
20001ec4:	c601                	beqz	a2,20001ecc <BLE_CheckChannel+0xbe>
20001ec6:	4fb0                	lw	a2,88(a5)
20001ec8:	fec77de3          	bgeu	a4,a2,20001ec2 <BLE_CheckChannel+0xb4>
20001ecc:	53d8                	lw	a4,36(a5)
20001ece:	48f71713          	bclri	a4,a4,0xf
20001ed2:	d3d8                	sw	a4,36(a5)
20001ed4:	53a8                	lw	a0,96(a5)
20001ed6:	00453513          	sltiu	a0,a0,4
20001eda:	8082                	ret

20001edc <ble_ll_hw_api_shut>:
20001edc:	87418713          	addi	a4,gp,-1932 # 200021c4 <gptrLLEReg>
20001ee0:	4314                	lw	a3,0(a4)
20001ee2:	4abc                	lw	a5,80(a3)
20001ee4:	9bbd                	andi	a5,a5,-17
20001ee6:	cabc                	sw	a5,80(a3)
20001ee8:	0001                	nop
20001eea:	0001                	nop
20001eec:	0001                	nop
20001eee:	0001                	nop
20001ef0:	431c                	lw	a5,0(a4)
20001ef2:	4bb4                	lw	a3,80(a5)
20001ef4:	8ff6f693          	andi	a3,a3,-1793
20001ef8:	cbb4                	sw	a3,80(a5)
20001efa:	4394                	lw	a3,0(a5)
20001efc:	0086e693          	ori	a3,a3,8
20001f00:	c394                	sw	a3,0(a5)
20001f02:	0001                	nop
20001f04:	0001                	nop
20001f06:	0001                	nop
20001f08:	0001                	nop
20001f0a:	86c1a683          	lw	a3,-1940(gp) # 200021bc <gptrBBReg>
20001f0e:	429c                	lw	a5,0(a3)
20001f10:	cff7f793          	andi	a5,a5,-769
20001f14:	1007e793          	ori	a5,a5,256
20001f18:	c29c                	sw	a5,0(a3)
20001f1a:	8781a603          	lw	a2,-1928(gp) # 200021c8 <gptrRFENDReg>
20001f1e:	461c                	lw	a5,8(a2)
20001f20:	ffce06b7          	lui	a3,0xffce0
20001f24:	16fd                	addi	a3,a3,-1 # ffcdffff <_eusrstack+0xdfcbffff>
20001f26:	8ff5                	and	a5,a5,a3
20001f28:	c61c                	sw	a5,8(a2)
20001f2a:	431c                	lw	a5,0(a4)
20001f2c:	00030737          	lui	a4,0x30
20001f30:	cbb8                	sw	a4,80(a5)
20001f32:	8701a783          	lw	a5,-1936(gp) # 200021c0 <gPaControl>
20001f36:	cb99                	beqz	a5,20001f4c <ble_ll_hw_api_shut+0x70>
20001f38:	43d4                	lw	a3,4(a5)
20001f3a:	4790                	lw	a2,8(a5)
20001f3c:	4298                	lw	a4,0(a3)
20001f3e:	8f51                	or	a4,a4,a2
20001f40:	c298                	sw	a4,0(a3)
20001f42:	4b94                	lw	a3,16(a5)
20001f44:	4bdc                	lw	a5,20(a5)
20001f46:	4298                	lw	a4,0(a3)
20001f48:	8fd9                	or	a5,a5,a4
20001f4a:	c29c                	sw	a5,0(a3)
20001f4c:	00003797          	auipc	a5,0x3
20001f50:	1a07ac23          	sw	zero,440(a5) # 20005104 <gBleIPPara+0x1c>
20001f54:	8082                	ret

20001f56 <phy_status_clear>:
20001f56:	8741a783          	lw	a5,-1932(gp) # 200021c4 <gptrLLEReg>
20001f5a:	439c                	lw	a5,0(a5)
20001f5c:	8b8d                	andi	a5,a5,3
20001f5e:	c7e9                	beqz	a5,20002028 <phy_status_clear+0xd2>
20001f60:	1141                	addi	sp,sp,-16
20001f62:	e000e7b7          	lui	a5,0xe000e
20001f66:	c04a                	sw	s2,0(sp)
20001f68:	0007a903          	lw	s2,0(a5) # e000e000 <_eusrstack+0xbffee000>
20001f6c:	c226                	sw	s1,4(sp)
20001f6e:	00200737          	lui	a4,0x200
20001f72:	c606                	sw	ra,12(sp)
20001f74:	c422                	sw	s0,8(sp)
20001f76:	84aa                	mv	s1,a0
20001f78:	00e97933          	and	s2,s2,a4
20001f7c:	18e7a023          	sw	a4,384(a5)
20001f80:	0000100f          	fence.i
20001f84:	00003417          	auipc	s0,0x3
20001f88:	16440413          	addi	s0,s0,356 # 200050e8 <gBleIPPara>
20001f8c:	4c58                	lw	a4,28(s0)
20001f8e:	478d                	li	a5,3
20001f90:	00f71a63          	bne	a4,a5,20001fa4 <phy_status_clear+0x4e>
20001f94:	00003797          	auipc	a5,0x3
20001f98:	1447a783          	lw	a5,324(a5) # 200050d8 <rfConfig+0x10>
20001f9c:	4601                	li	a2,0
20001f9e:	4581                	li	a1,0
20001fa0:	4545                	li	a0,17
20001fa2:	9782                	jalr	a5
20001fa4:	4719                	li	a4,6
20001fa6:	04e49163          	bne	s1,a4,20001fe8 <phy_status_clear+0x92>
20001faa:	02144783          	lbu	a5,33(s0)
20001fae:	cb89                	beqz	a5,20001fc0 <phy_status_clear+0x6a>
20001fb0:	02044783          	lbu	a5,32(s0)
20001fb4:	00979663          	bne	a5,s1,20001fc0 <phy_status_clear+0x6a>
20001fb8:	00003797          	auipc	a5,0x3
20001fbc:	140788a3          	sb	zero,337(a5) # 20005109 <gBleIPPara+0x21>
20001fc0:	4c58                	lw	a4,28(s0)
20001fc2:	47a1                	li	a5,8
20001fc4:	00f71563          	bne	a4,a5,20001fce <phy_status_clear+0x78>
20001fc8:	10800793          	li	a5,264
20001fcc:	b01e                	.2byte	0xb01e
20001fce:	84018623          	sb	zero,-1972(gp) # 2000219c <tmosSign>
20001fd2:	3729                	jal	20001edc <ble_ll_hw_api_shut>
20001fd4:	40b2                	lw	ra,12(sp)
20001fd6:	4422                	lw	s0,8(sp)
20001fd8:	e000e7b7          	lui	a5,0xe000e
20001fdc:	1127a023          	sw	s2,256(a5) # e000e100 <_eusrstack+0xbffee100>
20001fe0:	4492                	lw	s1,4(sp)
20001fe2:	4902                	lw	s2,0(sp)
20001fe4:	0141                	addi	sp,sp,16
20001fe6:	8082                	ret
20001fe8:	479d                	li	a5,7
20001fea:	00f49b63          	bne	s1,a5,20002000 <phy_status_clear+0xaa>
20001fee:	02144783          	lbu	a5,33(s0)
20001ff2:	d7f9                	beqz	a5,20001fc0 <phy_status_clear+0x6a>
20001ff4:	02044703          	lbu	a4,32(s0)
20001ff8:	478d                	li	a5,3
20001ffa:	fcf713e3          	bne	a4,a5,20001fc0 <phy_status_clear+0x6a>
20001ffe:	bf6d                	j	20001fb8 <phy_status_clear+0x62>
20002000:	4c54                	lw	a3,28(s0)
20002002:	00e68963          	beq	a3,a4,20002014 <phy_status_clear+0xbe>
20002006:	4c58                	lw	a4,28(s0)
20002008:	00f70663          	beq	a4,a5,20002014 <phy_status_clear+0xbe>
2000200c:	4c58                	lw	a4,28(s0)
2000200e:	47a1                	li	a5,8
20002010:	faf71fe3          	bne	a4,a5,20001fce <phy_status_clear+0x78>
20002014:	02144783          	lbu	a5,33(s0)
20002018:	fbdd                	bnez	a5,20001fce <phy_status_clear+0x78>
2000201a:	4c5c                	lw	a5,28(s0)
2000201c:	02f40023          	sb	a5,32(s0)
20002020:	4785                	li	a5,1
20002022:	02f400a3          	sb	a5,33(s0)
20002026:	b765                	j	20001fce <phy_status_clear+0x78>
20002028:	8082                	ret
	...

Disassembly of section .text:

00002030 <handle_reset>:
    2030:	20001197          	auipc	gp,0x20001
    2034:	92018193          	addi	gp,gp,-1760 # 20002950 <__global_pointer$>
    2038:	2001e117          	auipc	sp,0x2001e
    203c:	fc810113          	addi	sp,sp,-56 # 20020000 <_eusrstack>
    2040:	00400513          	li	a0,4
    2044:	1fffe597          	auipc	a1,0x1fffe
    2048:	fbc58593          	addi	a1,a1,-68 # 20000000 <_highcode_init_vma_start>
    204c:	1fffe617          	auipc	a2,0x1fffe
    2050:	1bc60613          	addi	a2,a2,444 # 20000208 <UART2_DataTx_Deal>
    2054:	00c5fa63          	bgeu	a1,a2,2068 <handle_reset+0x38>
    2058:	00052283          	lw	t0,0(a0)
    205c:	0055a023          	sw	t0,0(a1)
    2060:	0511                	addi	a0,a0,4
    2062:	0591                	addi	a1,a1,4
    2064:	fec5eae3          	bltu	a1,a2,2058 <handle_reset+0x28>
    2068:	1fffe517          	auipc	a0,0x1fffe
    206c:	0f650513          	addi	a0,a0,246 # 2000015e <__highcode_init>
    2070:	8502                	jr	a0

00002072 <__riscv_save_12>:
    2072:	7139                	addi	sp,sp,-64
    2074:	4301                	li	t1,0
    2076:	c66e                	sw	s11,12(sp)
    2078:	a019                	j	207e <__riscv_save_10+0x4>

0000207a <__riscv_save_10>:
    207a:	7139                	addi	sp,sp,-64
    207c:	5341                	li	t1,-16
    207e:	c86a                	sw	s10,16(sp)
    2080:	ca66                	sw	s9,20(sp)
    2082:	cc62                	sw	s8,24(sp)
    2084:	ce5e                	sw	s7,28(sp)
    2086:	a019                	j	208c <__riscv_save_4+0x4>

00002088 <__riscv_save_4>:
    2088:	7139                	addi	sp,sp,-64
    208a:	5301                	li	t1,-32
    208c:	d05a                	sw	s6,32(sp)
    208e:	d256                	sw	s5,36(sp)
    2090:	d452                	sw	s4,40(sp)
    2092:	d64e                	sw	s3,44(sp)
    2094:	d84a                	sw	s2,48(sp)
    2096:	da26                	sw	s1,52(sp)
    2098:	dc22                	sw	s0,56(sp)
    209a:	de06                	sw	ra,60(sp)
    209c:	40610133          	sub	sp,sp,t1
    20a0:	8282                	jr	t0

000020a2 <__riscv_save_0>:
    20a2:	1141                	addi	sp,sp,-16
    20a4:	c04a                	sw	s2,0(sp)
    20a6:	c226                	sw	s1,4(sp)
    20a8:	c422                	sw	s0,8(sp)
    20aa:	c606                	sw	ra,12(sp)
    20ac:	8282                	jr	t0

000020ae <__riscv_restore_12>:
    20ae:	4db2                	lw	s11,12(sp)
    20b0:	0141                	addi	sp,sp,16

000020b2 <__riscv_restore_10>:
    20b2:	4d02                	lw	s10,0(sp)
    20b4:	4c92                	lw	s9,4(sp)
    20b6:	4c22                	lw	s8,8(sp)
    20b8:	4bb2                	lw	s7,12(sp)
    20ba:	0141                	addi	sp,sp,16

000020bc <__riscv_restore_4>:
    20bc:	4b02                	lw	s6,0(sp)
    20be:	4a92                	lw	s5,4(sp)
    20c0:	4a22                	lw	s4,8(sp)
    20c2:	49b2                	lw	s3,12(sp)
    20c4:	0141                	addi	sp,sp,16

000020c6 <__riscv_restore_0>:
    20c6:	4902                	lw	s2,0(sp)
    20c8:	4492                	lw	s1,4(sp)
    20ca:	4422                	lw	s0,8(sp)
    20cc:	40b2                	lw	ra,12(sp)
    20ce:	0141                	addi	sp,sp,16
    20d0:	8082                	ret

000020d2 <memcpy>:
    20d2:	832a                	mv	t1,a0
    20d4:	ca09                	beqz	a2,20e6 <memcpy+0x14>
    20d6:	00058383          	lb	t2,0(a1)
    20da:	00730023          	sb	t2,0(t1)
    20de:	167d                	addi	a2,a2,-1
    20e0:	0305                	addi	t1,t1,1
    20e2:	0585                	addi	a1,a1,1
    20e4:	fa6d                	bnez	a2,20d6 <memcpy+0x4>
    20e6:	8082                	ret

000020e8 <UART2_ParaInit>:
    20e8:	0a018793          	addi	a5,gp,160 # 200029f0 <CDC>
    20ec:	00079023          	sh	zero,0(a5)
    20f0:	00078223          	sb	zero,4(a5)
    20f4:	4705                	li	a4,1
    20f6:	00e782a3          	sb	a4,5(a5)
    20fa:	c50d                	beqz	a0,2124 <UART2_ParaInit+0x3c>
    20fc:	00078323          	sb	zero,6(a5)
    2100:	fc200693          	li	a3,-62
    2104:	00d783a3          	sb	a3,7(a5)
    2108:	00e78423          	sb	a4,8(a5)
    210c:	000784a3          	sb	zero,9(a5)
    2110:	00078523          	sb	zero,10(a5)
    2114:	000785a3          	sb	zero,11(a5)
    2118:	4721                	li	a4,8
    211a:	00e78623          	sb	a4,12(a5)
    211e:	4779                	li	a4,30
    2120:	00e786a3          	sb	a4,13(a5)
    2124:	8082                	ret

00002126 <UART2_Init>:
    2126:	b7c9                	j	20e8 <UART2_ParaInit>

00002128 <UART2_USB_Init>:
    2128:	f7bff2ef          	jal	t0,20a2 <__riscv_save_0>
    212c:	4501                	li	a0,0
    212e:	3f6d                	jal	20e8 <UART2_ParaInit>
    2130:	20002737          	lui	a4,0x20002
    2134:	400097b7          	lui	a5,0x40009
    2138:	1f070713          	addi	a4,a4,496 # 200021f0 <UART2_Tx_Buf>
    213c:	d798                	sw	a4,40(a5)
    213e:	0a77c703          	lbu	a4,167(a5) # 400090a7 <_eusrstack+0x1ffe90a7>
    2142:	0fc77713          	andi	a4,a4,252
    2146:	0ae783a3          	sb	a4,167(a5)
    214a:	0a77c703          	lbu	a4,167(a5)
    214e:	00276713          	ori	a4,a4,2
    2152:	0ae783a3          	sb	a4,167(a5)
    2156:	bf85                	j	20c6 <__riscv_restore_0>

00002158 <USB_TestMode_Deal>:
    2158:	8241c783          	lbu	a5,-2012(gp) # 20002174 <USBHS_Test_Flag>
    215c:	07f7f793          	andi	a5,a5,127
    2160:	82f18223          	sb	a5,-2012(gp) # 20002174 <USBHS_Test_Flag>
    2164:	81a1d683          	lhu	a3,-2022(gp) # 2000216a <USBHS_SetupReqIndex>
    2168:	10000713          	li	a4,256
    216c:	02e69963          	bne	a3,a4,219e <USB_TestMode_Deal+0x46>
    2170:	400097b7          	lui	a5,0x40009
    2174:	0057c703          	lbu	a4,5(a5) # 40009005 <_eusrstack+0x1ffe9005>
    2178:	0f077713          	andi	a4,a4,240
    217c:	00e782a3          	sb	a4,5(a5)
    2180:	0057c703          	lbu	a4,5(a5)
    2184:	00176713          	ori	a4,a4,1
    2188:	00e782a3          	sb	a4,5(a5)
    218c:	40009737          	lui	a4,0x40009
    2190:	00574783          	lbu	a5,5(a4) # 40009005 <_eusrstack+0x1ffe9005>
    2194:	0807e793          	ori	a5,a5,128
    2198:	00f702a3          	sb	a5,5(a4)
    219c:	8082                	ret
    219e:	81a1d683          	lhu	a3,-2022(gp) # 2000216a <USBHS_SetupReqIndex>
    21a2:	20000713          	li	a4,512
    21a6:	00e69f63          	bne	a3,a4,21c4 <USB_TestMode_Deal+0x6c>
    21aa:	400097b7          	lui	a5,0x40009
    21ae:	0057c703          	lbu	a4,5(a5) # 40009005 <_eusrstack+0x1ffe9005>
    21b2:	0f077713          	andi	a4,a4,240
    21b6:	00e782a3          	sb	a4,5(a5)
    21ba:	0057c703          	lbu	a4,5(a5)
    21be:	00276713          	ori	a4,a4,2
    21c2:	b7d9                	j	2188 <USB_TestMode_Deal+0x30>
    21c4:	81a1d683          	lhu	a3,-2022(gp) # 2000216a <USBHS_SetupReqIndex>
    21c8:	30000713          	li	a4,768
    21cc:	00e69f63          	bne	a3,a4,21ea <USB_TestMode_Deal+0x92>
    21d0:	400097b7          	lui	a5,0x40009
    21d4:	0057c703          	lbu	a4,5(a5) # 40009005 <_eusrstack+0x1ffe9005>
    21d8:	0f077713          	andi	a4,a4,240
    21dc:	00e782a3          	sb	a4,5(a5)
    21e0:	0057c703          	lbu	a4,5(a5)
    21e4:	00876713          	ori	a4,a4,8
    21e8:	b745                	j	2188 <USB_TestMode_Deal+0x30>
    21ea:	81a1d703          	lhu	a4,-2022(gp) # 2000216a <USBHS_SetupReqIndex>
    21ee:	40000793          	li	a5,1024
    21f2:	f8f71de3          	bne	a4,a5,218c <USB_TestMode_Deal+0x34>
    21f6:	400097b7          	lui	a5,0x40009
    21fa:	0057c703          	lbu	a4,5(a5) # 40009005 <_eusrstack+0x1ffe9005>
    21fe:	0f077713          	andi	a4,a4,240
    2202:	00e782a3          	sb	a4,5(a5)
    2206:	20002737          	lui	a4,0x20002
    220a:	02c70713          	addi	a4,a4,44 # 2000202c <IFTest_Buf>
    220e:	c7f8                	sw	a4,76(a5)
    2210:	03500713          	li	a4,53
    2214:	0ae79623          	sh	a4,172(a5)
    2218:	4709                	li	a4,2
    221a:	0ae78723          	sb	a4,174(a5)
    221e:	0057c703          	lbu	a4,5(a5)
    2222:	00476713          	ori	a4,a4,4
    2226:	b78d                	j	2188 <USB_TestMode_Deal+0x30>

00002228 <USBHS_Device_Endp_Init>:
    2228:	400097b7          	lui	a5,0x40009
    222c:	4735                	li	a4,13
    222e:	00e79823          	sh	a4,16(a5) # 40009010 <_eusrstack+0x1ffe9010>
    2232:	4715                	li	a4,5
    2234:	00e79923          	sh	a4,18(a5)
    2238:	04000713          	li	a4,64
    223c:	cff8                	sw	a4,92(a5)
    223e:	40000713          	li	a4,1024
    2242:	d3f8                	sw	a4,100(a5)
    2244:	d7b8                	sw	a4,104(a5)
    2246:	20003737          	lui	a4,0x20003
    224a:	21070713          	addi	a4,a4,528 # 20003210 <USBHS_EP0_Buf>
    224e:	d398                	sw	a4,32(a5)
    2250:	20002737          	lui	a4,0x20002
    2254:	1f070713          	addi	a4,a4,496 # 200021f0 <UART2_Tx_Buf>
    2258:	d798                	sw	a4,40(a5)
    225a:	20003737          	lui	a4,0x20003
    225e:	e1070713          	addi	a4,a4,-496 # 20002e10 <USBHS_EP2_Tx_Buf>
    2262:	c3f8                	sw	a4,68(a5)
    2264:	0c018713          	addi	a4,gp,192 # 20002a10 <USBHS_EP3_Tx_Buf>
    2268:	c7b8                	sw	a4,72(a5)
    226a:	08079e23          	sh	zero,156(a5)
    226e:	08078f23          	sb	zero,158(a5)
    2272:	4709                	li	a4,2
    2274:	08e78fa3          	sb	a4,159(a5)
    2278:	0a079223          	sh	zero,164(a5)
    227c:	0a078323          	sb	zero,166(a5)
    2280:	0ae783a3          	sb	a4,167(a5)
    2284:	0a079423          	sh	zero,168(a5)
    2288:	0a078523          	sb	zero,170(a5)
    228c:	0b018713          	addi	a4,gp,176 # 20002a00 <USBHS_Endp_Busy>
    2290:	4781                	li	a5,0
    2292:	46c1                	li	a3,16
    2294:	00f70633          	add	a2,a4,a5
    2298:	00060023          	sb	zero,0(a2)
    229c:	0785                	addi	a5,a5,1
    229e:	fed79be3          	bne	a5,a3,2294 <USBHS_Device_Endp_Init+0x6c>
    22a2:	8082                	ret

000022a4 <USBHS_Device_Init>:
    22a4:	c531                	beqz	a0,22f0 <USBHS_Device_Init+0x4c>
    22a6:	dfdff2ef          	jal	t0,20a2 <__riscv_save_0>
    22aa:	40009437          	lui	s0,0x40009
    22ae:	4791                	li	a5,4
    22b0:	20f40023          	sb	a5,512(s0) # 40009200 <_eusrstack+0x1ffe9200>
    22b4:	40001737          	lui	a4,0x40001
    22b8:	01a75783          	lhu	a5,26(a4) # 4000101a <_eusrstack+0x1ffe101a>
    22bc:	0207e793          	ori	a5,a5,32
    22c0:	00f71d23          	sh	a5,26(a4)
    22c4:	47a5                	li	a5,9
    22c6:	00f40023          	sb	a5,0(s0)
    22ca:	05f00793          	li	a5,95
    22ce:	00f40123          	sb	a5,2(s0)
    22d2:	3f99                	jal	2228 <USBHS_Device_Endp_Init>
    22d4:	4785                	li	a5,1
    22d6:	00f400a3          	sb	a5,1(s0)
    22da:	fb800793          	li	a5,-72
    22de:	00f40023          	sb	a5,0(s0)
    22e2:	02000713          	li	a4,32
    22e6:	e000e7b7          	lui	a5,0xe000e
    22ea:	10e7a223          	sw	a4,260(a5) # e000e104 <_eusrstack+0xbffee104>
    22ee:	bbe1                	j	20c6 <__riscv_restore_0>
    22f0:	400097b7          	lui	a5,0x40009
    22f4:	2007c703          	lbu	a4,512(a5) # 40009200 <_eusrstack+0x1ffe9200>
    22f8:	400016b7          	lui	a3,0x40001
    22fc:	0fb77713          	andi	a4,a4,251
    2300:	20e78023          	sb	a4,512(a5)
    2304:	4e98                	lw	a4,24(a3)
    2306:	fdf77713          	andi	a4,a4,-33
    230a:	ce98                	sw	a4,24(a3)
    230c:	0007c703          	lbu	a4,0(a5)
    2310:	00276713          	ori	a4,a4,2
    2314:	00e78023          	sb	a4,0(a5)
    2318:	0007c703          	lbu	a4,0(a5)
    231c:	0fd77713          	andi	a4,a4,253
    2320:	00e78023          	sb	a4,0(a5)
    2324:	e000e7b7          	lui	a5,0xe000e
    2328:	02000713          	li	a4,32
    232c:	18e7a223          	sw	a4,388(a5) # e000e184 <_eusrstack+0xbffee184>
    2330:	0000100f          	fence.i
    2334:	8082                	ret

00002336 <main>:
    2336:	d6dff2ef          	jal	t0,20a2 <__riscv_save_0>
    233a:	7139                	addi	sp,sp,-64
    233c:	4505                	li	a0,1
    233e:	2c75                	jal	25fa <PWR_DCDCCfg>
    2340:	4511                	li	a0,4
    2342:	20f5                	jal	242e <HSECFG_Capacitance>
    2344:	38000513          	li	a0,896
    2348:	1ffff097          	auipc	ra,0x1ffff
    234c:	d32080e7          	jalr	-718(ra) # 2000107a <SetSysClock>
    2350:	4585                	li	a1,1
    2352:	557d                	li	a0,-1
    2354:	222d                	jal	247e <GPIOA_ModeCfg>
    2356:	4585                	li	a1,1
    2358:	557d                	li	a0,-1
    235a:	224d                	jal	24fc <GPIOB_ModeCfg>
    235c:	4591                	li	a1,4
    235e:	6505                	lui	a0,0x1
    2360:	2a39                	jal	247e <GPIOA_ModeCfg>
    2362:	400057b7          	lui	a5,0x40005
    2366:	5769                	li	a4,-6
    2368:	6541                	lui	a0,0x10
    236a:	00e781a3          	sb	a4,3(a5) # 40005003 <_eusrstack+0x1ffe5003>
    236e:	9ff50513          	addi	a0,a0,-1537 # f9ff <_data_lma+0xb1e3>
    2372:	2421                	jal	257a <PWMX_16bit_CycleCfg>
    2374:	4685                	li	a3,1
    2376:	4601                	li	a2,0
    2378:	03f00593          	li	a1,63
    237c:	4505                	li	a0,1
    237e:	2c11                	jal	2592 <PWMX_16bit_ACTOUT>
    2380:	65f1                	lui	a1,0x1c
    2382:	4681                	li	a3,0
    2384:	4601                	li	a2,0
    2386:	20058593          	addi	a1,a1,512 # 1c200 <_data_lma+0x179e4>
    238a:	4505                	li	a0,1
    238c:	3b69                	jal	2126 <UART2_Init>
    238e:	4505                	li	a0,1
    2390:	3f11                	jal	22a4 <USBHS_Device_Init>
    2392:	e000e6b7          	lui	a3,0xe000e
    2396:	02000793          	li	a5,32
    239a:	10f6a223          	sw	a5,260(a3) # e000e104 <_eusrstack+0xbffee104>
    239e:	6721                	lui	a4,0x8
    23a0:	e000f7b7          	lui	a5,0xe000f
    23a4:	0007a423          	sw	zero,8(a5) # e000f008 <_eusrstack+0xbffef008>
    23a8:	cff70713          	addi	a4,a4,-769 # 7cff <_data_lma+0x34e3>
    23ac:	cb98                	sw	a4,16(a5)
    23ae:	6705                	lui	a4,0x1
    23b0:	10e6a023          	sw	a4,256(a3)
    23b4:	473d                	li	a4,15
    23b6:	c398                	sw	a4,0(a5)
    23b8:	03c00613          	li	a2,60
    23bc:	4581                	li	a1,0
    23be:	0048                	addi	a0,sp,4
    23c0:	1ffff097          	auipc	ra,0x1ffff
    23c4:	59a080e7          	jalr	1434(ra) # 2000195a <tmos_memset>
    23c8:	200037b7          	lui	a5,0x20003
    23cc:	25078793          	addi	a5,a5,592 # 20003250 <MEM_BUF>
    23d0:	c23e                	sw	a5,4(sp)
    23d2:	6789                	lui	a5,0x2
    23d4:	80078793          	addi	a5,a5,-2048 # 1800 <_highcode_lma+0x15f4>
    23d8:	00f11423          	sh	a5,8(sp)
    23dc:	47ed                	li	a5,27
    23de:	00f11a23          	sh	a5,20(sp)
    23e2:	4795                	li	a5,5
    23e4:	00f109a3          	sb	a5,19(sp)
    23e8:	4785                	li	a5,1
    23ea:	00f10b23          	sb	a5,22(sp)
    23ee:	03b00793          	li	a5,59
    23f2:	00f11c23          	sh	a5,24(sp)
    23f6:	6789                	lui	a5,0x2
    23f8:	77e78793          	addi	a5,a5,1918 # 277e <SYS_GetSysTickCnt>
    23fc:	0048                	addi	a0,sp,4
    23fe:	d23e                	sw	a5,36(sp)
    2400:	2325                	jal	2928 <BLE_LibInit>
    2402:	842a                	mv	s0,a0
    2404:	c519                	beqz	a0,2412 <main+0xdc>
    2406:	85aa                	mv	a1,a0
    2408:	6511                	lui	a0,0x4
    240a:	48050513          	addi	a0,a0,1152 # 4480 <_malloc_usable_size_r+0x1c2>
    240e:	7ff000ef          	jal	ra,340c <printf>
    2412:	6491                	lui	s1,0x4
    2414:	1fffe097          	auipc	ra,0x1fffe
    2418:	df4080e7          	jalr	-524(ra) # 20000208 <UART2_DataTx_Deal>
    241c:	dc65                	beqz	s0,2414 <main+0xde>
    241e:	45a9                	li	a1,10
    2420:	49448513          	addi	a0,s1,1172 # 4494 <_malloc_usable_size_r+0x1d6>
    2424:	1fffe097          	auipc	ra,0x1fffe
    2428:	e2c080e7          	jalr	-468(ra) # 20000250 <USB_CDC_Send>
    242c:	b7e5                	j	2414 <main+0xde>

0000242e <HSECFG_Capacitance>:
    242e:	40001737          	lui	a4,0x40001
    2432:	04e74783          	lbu	a5,78(a4) # 4000104e <_eusrstack+0x1ffe104e>
    2436:	0512                	slli	a0,a0,0x4
    2438:	1141                	addi	sp,sp,-16
    243a:	8bbd                	andi	a5,a5,15
    243c:	8fc9                	or	a5,a5,a0
    243e:	0ff7f793          	zext.b	a5,a5
    2442:	08800693          	li	a3,136
    2446:	8006b6f3          	csrrc	a3,0x800,a3
    244a:	0886f693          	andi	a3,a3,136
    244e:	c636                	sw	a3,12(sp)
    2450:	0000100f          	fence.i
    2454:	05700693          	li	a3,87
    2458:	04d70023          	sb	a3,64(a4)
    245c:	fa800693          	li	a3,-88
    2460:	04d70023          	sb	a3,64(a4)
    2464:	0000100f          	fence.i
    2468:	04f70723          	sb	a5,78(a4)
    246c:	04070023          	sb	zero,64(a4)
    2470:	47b2                	lw	a5,12(sp)
    2472:	8007a7f3          	csrrs	a5,0x800,a5
    2476:	0000100f          	fence.i
    247a:	0141                	addi	sp,sp,16
    247c:	8082                	ret

0000247e <GPIOA_ModeCfg>:
    247e:	4791                	li	a5,4
    2480:	04b7ea63          	bltu	a5,a1,24d4 <GPIOA_ModeCfg+0x56>
    2484:	6791                	lui	a5,0x4
    2486:	58878793          	addi	a5,a5,1416 # 4588 <MyDevDescr+0x14>
    248a:	20f5c5b3          	sh2add	a1,a1,a5
    248e:	4198                	lw	a4,0(a1)
    2490:	400017b7          	lui	a5,0x40001
    2494:	0b478793          	addi	a5,a5,180 # 400010b4 <_eusrstack+0x1ffe10b4>
    2498:	8702                	jr	a4
    249a:	4394                	lw	a3,0(a5)
    249c:	40001737          	lui	a4,0x40001
    24a0:	40a6f6b3          	andn	a3,a3,a0
    24a4:	c394                	sw	a3,0(a5)
    24a6:	0b070693          	addi	a3,a4,176 # 400010b0 <_eusrstack+0x1ffe10b0>
    24aa:	429c                	lw	a5,0(a3)
    24ac:	40a7f7b3          	andn	a5,a5,a0
    24b0:	a819                	j	24c6 <GPIOA_ModeCfg+0x48>
    24b2:	4394                	lw	a3,0(a5)
    24b4:	40001737          	lui	a4,0x40001
    24b8:	40a6f6b3          	andn	a3,a3,a0
    24bc:	c394                	sw	a3,0(a5)
    24be:	0b070693          	addi	a3,a4,176 # 400010b0 <_eusrstack+0x1ffe10b0>
    24c2:	429c                	lw	a5,0(a3)
    24c4:	8fc9                	or	a5,a5,a0
    24c6:	c29c                	sw	a5,0(a3)
    24c8:	0a070793          	addi	a5,a4,160
    24cc:	4398                	lw	a4,0(a5)
    24ce:	40a77733          	andn	a4,a4,a0
    24d2:	c398                	sw	a4,0(a5)
    24d4:	8082                	ret
    24d6:	4394                	lw	a3,0(a5)
    24d8:	40001737          	lui	a4,0x40001
    24dc:	8ec9                	or	a3,a3,a0
    24de:	b7d9                	j	24a4 <GPIOA_ModeCfg+0x26>
    24e0:	4398                	lw	a4,0(a5)
    24e2:	40a77733          	andn	a4,a4,a0
    24e6:	c398                	sw	a4,0(a5)
    24e8:	400017b7          	lui	a5,0x40001
    24ec:	0a078793          	addi	a5,a5,160 # 400010a0 <_eusrstack+0x1ffe10a0>
    24f0:	4398                	lw	a4,0(a5)
    24f2:	8f49                	or	a4,a4,a0
    24f4:	bff9                	j	24d2 <GPIOA_ModeCfg+0x54>
    24f6:	4398                	lw	a4,0(a5)
    24f8:	8f49                	or	a4,a4,a0
    24fa:	b7f5                	j	24e6 <GPIOA_ModeCfg+0x68>

000024fc <GPIOB_ModeCfg>:
    24fc:	4791                	li	a5,4
    24fe:	04b7ea63          	bltu	a5,a1,2552 <GPIOB_ModeCfg+0x56>
    2502:	6791                	lui	a5,0x4
    2504:	59c78793          	addi	a5,a5,1436 # 459c <MyDevDescr+0x28>
    2508:	20f5c5b3          	sh2add	a1,a1,a5
    250c:	4198                	lw	a4,0(a1)
    250e:	400017b7          	lui	a5,0x40001
    2512:	0d478793          	addi	a5,a5,212 # 400010d4 <_eusrstack+0x1ffe10d4>
    2516:	8702                	jr	a4
    2518:	4394                	lw	a3,0(a5)
    251a:	40001737          	lui	a4,0x40001
    251e:	40a6f6b3          	andn	a3,a3,a0
    2522:	c394                	sw	a3,0(a5)
    2524:	0d070693          	addi	a3,a4,208 # 400010d0 <_eusrstack+0x1ffe10d0>
    2528:	429c                	lw	a5,0(a3)
    252a:	40a7f7b3          	andn	a5,a5,a0
    252e:	a819                	j	2544 <GPIOB_ModeCfg+0x48>
    2530:	4394                	lw	a3,0(a5)
    2532:	40001737          	lui	a4,0x40001
    2536:	40a6f6b3          	andn	a3,a3,a0
    253a:	c394                	sw	a3,0(a5)
    253c:	0d070693          	addi	a3,a4,208 # 400010d0 <_eusrstack+0x1ffe10d0>
    2540:	429c                	lw	a5,0(a3)
    2542:	8fc9                	or	a5,a5,a0
    2544:	c29c                	sw	a5,0(a3)
    2546:	0c070793          	addi	a5,a4,192
    254a:	4398                	lw	a4,0(a5)
    254c:	40a77733          	andn	a4,a4,a0
    2550:	c398                	sw	a4,0(a5)
    2552:	8082                	ret
    2554:	4394                	lw	a3,0(a5)
    2556:	40001737          	lui	a4,0x40001
    255a:	8ec9                	or	a3,a3,a0
    255c:	b7d9                	j	2522 <GPIOB_ModeCfg+0x26>
    255e:	4398                	lw	a4,0(a5)
    2560:	40a77733          	andn	a4,a4,a0
    2564:	c398                	sw	a4,0(a5)
    2566:	400017b7          	lui	a5,0x40001
    256a:	0c078793          	addi	a5,a5,192 # 400010c0 <_eusrstack+0x1ffe10c0>
    256e:	4398                	lw	a4,0(a5)
    2570:	8f49                	or	a4,a4,a0
    2572:	bff9                	j	2550 <GPIOB_ModeCfg+0x54>
    2574:	4398                	lw	a4,0(a5)
    2576:	8f49                	or	a4,a4,a0
    2578:	b7f5                	j	2564 <GPIOB_ModeCfg+0x68>

0000257a <PWMX_16bit_CycleCfg>:
    257a:	40005737          	lui	a4,0x40005
    257e:	00274783          	lbu	a5,2(a4) # 40005002 <_eusrstack+0x1ffe5002>
    2582:	0f07f793          	andi	a5,a5,240
    2586:	00c7e793          	ori	a5,a5,12
    258a:	00f70123          	sb	a5,2(a4)
    258e:	cb48                	sw	a0,20(a4)
    2590:	8082                	ret

00002592 <PWMX_16bit_ACTOUT>:
    2592:	ea91                	bnez	a3,25a6 <PWMX_16bit_ACTOUT+0x14>
    2594:	400057b7          	lui	a5,0x40005
    2598:	0007c703          	lbu	a4,0(a5) # 40005000 <_eusrstack+0x1ffe5000>
    259c:	40a77533          	andn	a0,a4,a0
    25a0:	00a78023          	sb	a0,0(a5)
    25a4:	8082                	ret
    25a6:	40005737          	lui	a4,0x40005
    25aa:	00174783          	lbu	a5,1(a4) # 40005001 <_eusrstack+0x1ffe5001>
    25ae:	c615                	beqz	a2,25da <PWMX_16bit_ACTOUT+0x48>
    25b0:	8fc9                	or	a5,a5,a0
    25b2:	00f700a3          	sb	a5,1(a4)
    25b6:	400057b7          	lui	a5,0x40005
    25ba:	0791                	addi	a5,a5,4 # 40005004 <_eusrstack+0x1ffe5004>
    25bc:	4701                	li	a4,0
    25be:	4819                	li	a6,6
    25c0:	488d                	li	a7,3
    25c2:	00170613          	addi	a2,a4,1
    25c6:	48e556b3          	bext	a3,a0,a4
    25ca:	ce89                	beqz	a3,25e4 <PWMX_16bit_ACTOUT+0x52>
    25cc:	00e8ea63          	bltu	a7,a4,25e0 <PWMX_16bit_ACTOUT+0x4e>
    25d0:	00b79023          	sh	a1,0(a5)
    25d4:	8732                	mv	a4,a2
    25d6:	0789                	addi	a5,a5,2
    25d8:	b7ed                	j	25c2 <PWMX_16bit_ACTOUT+0x30>
    25da:	40a7f7b3          	andn	a5,a5,a0
    25de:	bfd1                	j	25b2 <PWMX_16bit_ACTOUT+0x20>
    25e0:	00b79223          	sh	a1,4(a5)
    25e4:	8732                	mv	a4,a2
    25e6:	ff0618e3          	bne	a2,a6,25d6 <PWMX_16bit_ACTOUT+0x44>
    25ea:	40005737          	lui	a4,0x40005
    25ee:	00074783          	lbu	a5,0(a4) # 40005000 <_eusrstack+0x1ffe5000>
    25f2:	8fc9                	or	a5,a5,a0
    25f4:	00f70023          	sb	a5,0(a4)
    25f8:	8082                	ret

000025fa <PWR_DCDCCfg>:
    25fa:	a8fff2ef          	jal	t0,2088 <__riscv_save_4>
    25fe:	40001437          	lui	s0,0x40001
    2602:	02245903          	lhu	s2,34(s0) # 40001022 <_eusrstack+0x1ffe1022>
    2606:	02045483          	lhu	s1,32(s0)
    260a:	1141                	addi	sp,sp,-16
    260c:	08094933          	zext.h	s2,s2
    2610:	0804c4b3          	zext.h	s1,s1
    2614:	e929                	bnez	a0,2666 <PWR_DCDCCfg+0x6c>
    2616:	f7f97913          	andi	s2,s2,-129
    261a:	9ff4f493          	andi	s1,s1,-1537
    261e:	08094933          	zext.h	s2,s2
    2622:	0804c4b3          	zext.h	s1,s1
    2626:	08800793          	li	a5,136
    262a:	8007b7f3          	csrrc	a5,0x800,a5
    262e:	0887f793          	andi	a5,a5,136
    2632:	c43e                	sw	a5,8(sp)
    2634:	0000100f          	fence.i
    2638:	05700793          	li	a5,87
    263c:	04f40023          	sb	a5,64(s0)
    2640:	fa800793          	li	a5,-88
    2644:	04f40023          	sb	a5,64(s0)
    2648:	0000100f          	fence.i
    264c:	03241123          	sh	s2,34(s0)
    2650:	02941023          	sh	s1,32(s0)
    2654:	04040023          	sb	zero,64(s0)
    2658:	47a2                	lw	a5,8(sp)
    265a:	8007a7f3          	csrrs	a5,0x800,a5
    265e:	0000100f          	fence.i
    2662:	0141                	addi	sp,sp,16
    2664:	bca1                	j	20bc <__riscv_restore_4>
    2666:	0007f5b7          	lui	a1,0x7f
    266a:	4681                	li	a3,0
    266c:	0030                	addi	a2,sp,8
    266e:	05b1                	addi	a1,a1,12 # 7f00c <_data_lma+0x7a7f0>
    2670:	4519                	li	a0,6
    2672:	1ffff097          	auipc	ra,0x1ffff
    2676:	fa4080e7          	jalr	-92(ra) # 20001616 <FLASH_EEPROM_CMD>
    267a:	4722                	lw	a4,8(sp)
    267c:	6789                	lui	a5,0x2
    267e:	8ff9                	and	a5,a5,a4
    2680:	f3ed                	bnez	a5,2662 <PWR_DCDCCfg+0x68>
    2682:	08096913          	ori	s2,s2,128
    2686:	4004e493          	ori	s1,s1,1024
    268a:	08800993          	li	s3,136
    268e:	8009b7f3          	csrrc	a5,0x800,s3
    2692:	0887f793          	andi	a5,a5,136
    2696:	c03e                	sw	a5,0(sp)
    2698:	0000100f          	fence.i
    269c:	05700a93          	li	s5,87
    26a0:	05540023          	sb	s5,64(s0)
    26a4:	fa800a13          	li	s4,-88
    26a8:	05440023          	sb	s4,64(s0)
    26ac:	0000100f          	fence.i
    26b0:	03241123          	sh	s2,34(s0)
    26b4:	02941023          	sh	s1,32(s0)
    26b8:	04040023          	sb	zero,64(s0)
    26bc:	4782                	lw	a5,0(sp)
    26be:	8007a7f3          	csrrs	a5,0x800,a5
    26c2:	0000100f          	fence.i
    26c6:	4529                	li	a0,10
    26c8:	1ffff097          	auipc	ra,0x1ffff
    26cc:	d00080e7          	jalr	-768(ra) # 200013c8 <mDelayuS>
    26d0:	8009b9f3          	csrrc	s3,0x800,s3
    26d4:	0889f993          	andi	s3,s3,136
    26d8:	c24e                	sw	s3,4(sp)
    26da:	0000100f          	fence.i
    26de:	05540023          	sb	s5,64(s0)
    26e2:	05440023          	sb	s4,64(s0)
    26e6:	0000100f          	fence.i
    26ea:	02045783          	lhu	a5,32(s0)
    26ee:	2007e793          	ori	a5,a5,512
    26f2:	02f41023          	sh	a5,32(s0)
    26f6:	04040023          	sb	zero,64(s0)
    26fa:	4792                	lw	a5,4(sp)
    26fc:	bfb9                	j	265a <PWR_DCDCCfg+0x60>

000026fe <GetSysClock>:
    26fe:	400017b7          	lui	a5,0x40001
    2702:	0087d703          	lhu	a4,8(a5) # 40001008 <_eusrstack+0x1ffe1008>
    2706:	0c000693          	li	a3,192
    270a:	0c077713          	andi	a4,a4,192
    270e:	04d70f63          	beq	a4,a3,276c <GetSysClock+0x6e>
    2712:	0087d703          	lhu	a4,8(a5)
    2716:	10077713          	andi	a4,a4,256
    271a:	c71d                	beqz	a4,2748 <GetSysClock+0x4a>
    271c:	0087d703          	lhu	a4,8(a5)
    2720:	0087d783          	lhu	a5,8(a5)
    2724:	8b7d                	andi	a4,a4,31
    2726:	eb09                	bnez	a4,2738 <GetSysClock+0x3a>
    2728:	2007f793          	andi	a5,a5,512
    272c:	c7a1                	beqz	a5,2774 <GetSysClock+0x76>
    272e:	01e85537          	lui	a0,0x1e85
    2732:	80050513          	addi	a0,a0,-2048 # 1e84800 <_data_lma+0x1e7ffe4>
    2736:	8082                	ret
    2738:	1298c537          	lui	a0,0x1298c
    273c:	8bfd                	andi	a5,a5,31
    273e:	e0050513          	addi	a0,a0,-512 # 1298be00 <_data_lma+0x129875e4>
    2742:	02f54533          	div	a0,a0,a5
    2746:	8082                	ret
    2748:	0087d703          	lhu	a4,8(a5)
    274c:	0087d783          	lhu	a5,8(a5)
    2750:	20077713          	andi	a4,a4,512
    2754:	8bfd                	andi	a5,a5,31
    2756:	c711                	beqz	a4,2762 <GetSysClock+0x64>
    2758:	01e85537          	lui	a0,0x1e85
    275c:	80050513          	addi	a0,a0,-2048 # 1e84800 <_data_lma+0x1e7ffe4>
    2760:	b7cd                	j	2742 <GetSysClock+0x44>
    2762:	00f42537          	lui	a0,0xf42
    2766:	40050513          	addi	a0,a0,1024 # f42400 <_data_lma+0xf3dbe4>
    276a:	bfe1                	j	2742 <GetSysClock+0x44>
    276c:	6521                	lui	a0,0x8
    276e:	d0050513          	addi	a0,a0,-768 # 7d00 <_data_lma+0x34e4>
    2772:	8082                	ret
    2774:	00f42537          	lui	a0,0xf42
    2778:	40050513          	addi	a0,a0,1024 # f42400 <_data_lma+0xf3dbe4>
    277c:	8082                	ret

0000277e <SYS_GetSysTickCnt>:
    277e:	e000f7b7          	lui	a5,0xe000f
    2782:	4788                	lw	a0,8(a5)
    2784:	8082                	ret

00002786 <_write>:
    2786:	8532                	mv	a0,a2
    2788:	4781                	li	a5,0
    278a:	40003737          	lui	a4,0x40003
    278e:	46a1                	li	a3,8
    2790:	00a7c363          	blt	a5,a0,2796 <_write+0x10>
    2794:	8082                	ret
    2796:	00b74603          	lbu	a2,11(a4) # 4000300b <_eusrstack+0x1ffe300b>
    279a:	fed60ee3          	beq	a2,a3,2796 <_write+0x10>
    279e:	00f58633          	add	a2,a1,a5
    27a2:	00064603          	lbu	a2,0(a2)
    27a6:	0785                	addi	a5,a5,1 # e000f001 <_eusrstack+0xbffef001>
    27a8:	00c70423          	sb	a2,8(a4)
    27ac:	b7d5                	j	2790 <_write+0xa>

000027ae <_sbrk>:
    27ae:	200026b7          	lui	a3,0x20002
    27b2:	87aa                	mv	a5,a0
    27b4:	1506a503          	lw	a0,336(a3) # 20002150 <curbrk.0>
    27b8:	20005737          	lui	a4,0x20005
    27bc:	12870713          	addi	a4,a4,296 # 20005128 <_ebss>
    27c0:	97aa                	add	a5,a5,a0
    27c2:	00e7ea63          	bltu	a5,a4,27d6 <_sbrk+0x28>
    27c6:	870a                	mv	a4,sp
    27c8:	fc070713          	addi	a4,a4,-64
    27cc:	00f76563          	bltu	a4,a5,27d6 <_sbrk+0x28>
    27d0:	14f6a823          	sw	a5,336(a3)
    27d4:	8082                	ret
    27d6:	557d                	li	a0,-1
    27d8:	8082                	ret

000027da <tmos_msg_init>:
    27da:	8401a223          	sw	zero,-1980(gp) # 20002194 <msg_qHead>
    27de:	8082                	ret

000027e0 <tmos_clear_event>:
    27e0:	e000e7b7          	lui	a5,0xe000e
    27e4:	4398                	lw	a4,0(a5)
    27e6:	002006b7          	lui	a3,0x200
    27ea:	18d7a023          	sw	a3,384(a5) # e000e180 <_eusrstack+0xbffee180>
    27ee:	8f75                	and	a4,a4,a3
    27f0:	0000100f          	fence.i
    27f4:	20003697          	auipc	a3,0x20003
    27f8:	85d6c683          	lbu	a3,-1955(a3) # 20005051 <gTmosPara+0x1>
    27fc:	00d57e63          	bgeu	a0,a3,2818 <tmos_clear_event+0x38>
    2800:	8601a683          	lw	a3,-1952(gp) # 200021b0 <EventsArr>
    2804:	20d52533          	sh1add	a0,a0,a3
    2808:	2116                	.2byte	0x2116
    280a:	40b6f5b3          	andn	a1,a3,a1
    280e:	a10e                	.2byte	0xa10e
    2810:	10e7a023          	sw	a4,256(a5)
    2814:	4501                	li	a0,0
    2816:	8082                	ret
    2818:	10e7a023          	sw	a4,256(a5)
    281c:	450d                	li	a0,3
    281e:	8082                	ret

00002820 <TMOS_Init>:
    2820:	1141                	addi	sp,sp,-16
    2822:	4651                	li	a2,20
    2824:	4581                	li	a1,0
    2826:	20003517          	auipc	a0,0x20003
    282a:	88e50513          	addi	a0,a0,-1906 # 200050b4 <pfnProcessCBs>
    282e:	c606                	sw	ra,12(sp)
    2830:	c422                	sw	s0,8(sp)
    2832:	c226                	sw	s1,4(sp)
    2834:	8401ae23          	sw	zero,-1956(gp) # 200021ac <taskHead>
    2838:	8401a823          	sw	zero,-1968(gp) # 200021a0 <pfnTimerCBs>
    283c:	8401aa23          	sw	zero,-1964(gp) # 200021a4 <fnGetClockCBs>
    2840:	84018623          	sb	zero,-1972(gp) # 2000219c <tmosSign>
    2844:	8401a423          	sw	zero,-1976(gp) # 20002198 <pfnHandle>
    2848:	1ffff097          	auipc	ra,0x1ffff
    284c:	112080e7          	jalr	274(ra) # 2000195a <tmos_memset>
    2850:	02800613          	li	a2,40
    2854:	4581                	li	a1,0
    2856:	20002517          	auipc	a0,0x20002
    285a:	7fa50513          	addi	a0,a0,2042 # 20005050 <gTmosPara>
    285e:	1ffff097          	auipc	ra,0x1ffff
    2862:	0fc080e7          	jalr	252(ra) # 2000195a <tmos_memset>
    2866:	2bd1                	jal	2e3a <tmos_memory_init>
    2868:	20003797          	auipc	a5,0x20003
    286c:	81078793          	addi	a5,a5,-2032 # 20005078 <ble>
    2870:	2be8                	.2byte	0x2be8
    2872:	3bfc                	.2byte	0x3bfc
    2874:	20002417          	auipc	s0,0x20002
    2878:	7dc40413          	addi	s0,s0,2012 # 20005050 <gTmosPara>
    287c:	4585                	li	a1,1
    287e:	953e                	add	a0,a0,a5
    2880:	478d                	li	a5,3
    2882:	02f50533          	mul	a0,a0,a5
    2886:	04000793          	li	a5,64
    288a:	86418493          	addi	s1,gp,-1948 # 200021b4 <cbTimersHead>
    288e:	0539                	addi	a0,a0,14
    2890:	0ff57513          	zext.b	a0,a0
    2894:	0af57533          	maxu	a0,a0,a5
    2898:	4799                	li	a5,6
    289a:	a028                	.2byte	0xa028
    289c:	02f50533          	mul	a0,a0,a5
    28a0:	24050513          	addi	a0,a0,576
    28a4:	08054533          	zext.h	a0,a0
    28a8:	1ffff097          	auipc	ra,0x1ffff
    28ac:	124080e7          	jalr	292(ra) # 200019cc <tmos_memory_allocate>
    28b0:	c088                	sw	a0,0(s1)
    28b2:	c535                	beqz	a0,291e <TMOS_Init+0xfe>
    28b4:	2030                	.2byte	0x2030
    28b6:	4799                	li	a5,6
    28b8:	4581                	li	a1,0
    28ba:	02f60633          	mul	a2,a2,a5
    28be:	24060613          	addi	a2,a2,576
    28c2:	1ffff097          	auipc	ra,0x1ffff
    28c6:	098080e7          	jalr	152(ra) # 2000195a <tmos_memset>
    28ca:	409c                	lw	a5,0(s1)
    28cc:	2038                	.2byte	0x2038
    28ce:	85818493          	addi	s1,gp,-1960 # 200021a8 <tasksArr>
    28d2:	24078793          	addi	a5,a5,576
    28d6:	c09c                	sw	a5,0(s1)
    28d8:	20f747b3          	sh2add	a5,a4,a5
    28dc:	86f1a023          	sw	a5,-1952(gp) # 200021b0 <EventsArr>
    28e0:	3ded                	jal	27da <tmos_msg_init>
    28e2:	2a2d                	jal	2a1c <tmos_snv_init>
    28e4:	301c                	.2byte	0x301c
    28e6:	4094                	lw	a3,0(s1)
    28e8:	1ffff617          	auipc	a2,0x1ffff
    28ec:	2d060613          	addi	a2,a2,720 # 20001bb8 <TMOS_CB_PeriodicProcessEvent>
    28f0:	20d7c733          	sh2add	a4,a5,a3
    28f4:	c310                	sw	a2,0(a4)
    28f6:	00178713          	addi	a4,a5,1
    28fa:	0ff77713          	zext.b	a4,a4
    28fe:	1ffff617          	auipc	a2,0x1ffff
    2902:	25860613          	addi	a2,a2,600 # 20001b56 <TMOS_CB_ProcessEvent>
    2906:	20d74733          	sh2add	a4,a4,a3
    290a:	c310                	sw	a2,0(a4)
    290c:	00378713          	addi	a4,a5,3
    2910:	0789                	addi	a5,a5,2
    2912:	b018                	.2byte	0xb018
    2914:	0ff7f793          	zext.b	a5,a5
    2918:	20d7c7b3          	sh2add	a5,a5,a3
    291c:	c390                	sw	a2,0(a5)
    291e:	40b2                	lw	ra,12(sp)
    2920:	4422                	lw	s0,8(sp)
    2922:	4492                	lw	s1,4(sp)
    2924:	0141                	addi	sp,sp,16
    2926:	8082                	ret

00002928 <BLE_LibInit>:
    2928:	411c                	lw	a5,0(a0)
    292a:	c7f5                	beqz	a5,2a16 <BLE_LibInit+0xee>
    292c:	f0000737          	lui	a4,0xf0000
    2930:	8f7d                	and	a4,a4,a5
    2932:	200006b7          	lui	a3,0x20000
    2936:	4789                	li	a5,2
    2938:	0ed71063          	bne	a4,a3,2a18 <BLE_LibInit+0xf0>
    293c:	215a                	.2byte	0x215a
    293e:	1141                	addi	sp,sp,-16
    2940:	c422                	sw	s0,8(sp)
    2942:	c606                	sw	ra,12(sp)
    2944:	842a                	mv	s0,a0
    2946:	c379                	beqz	a4,2a0c <BLE_LibInit+0xe4>
    2948:	4619                	li	a2,6
    294a:	0ff00593          	li	a1,255
    294e:	0569                	addi	a0,a0,26
    2950:	1ffff097          	auipc	ra,0x1ffff
    2954:	03c080e7          	jalr	60(ra) # 2000198c <tmos_isbufset>
    2958:	4705                	li	a4,1
    295a:	478d                	li	a5,3
    295c:	0ae50863          	beq	a0,a4,2a0c <BLE_LibInit+0xe4>
    2960:	441c                	lw	a5,8(s0)
    2962:	c791                	beqz	a5,296e <BLE_LibInit+0x46>
    2964:	5858                	lw	a4,52(s0)
    2966:	4799                	li	a5,6
    2968:	c355                	beqz	a4,2a0c <BLE_LibInit+0xe4>
    296a:	5c18                	lw	a4,56(s0)
    296c:	c345                	beqz	a4,2a0c <BLE_LibInit+0xe4>
    296e:	03c00613          	li	a2,60
    2972:	4581                	li	a1,0
    2974:	20002517          	auipc	a0,0x20002
    2978:	70450513          	addi	a0,a0,1796 # 20005078 <ble>
    297c:	1ffff097          	auipc	ra,0x1ffff
    2980:	fde080e7          	jalr	-34(ra) # 2000195a <tmos_memset>
    2984:	03c00613          	li	a2,60
    2988:	85a2                	mv	a1,s0
    298a:	20002517          	auipc	a0,0x20002
    298e:	6ee50513          	addi	a0,a0,1774 # 20005078 <ble>
    2992:	1ffff097          	auipc	ra,0x1ffff
    2996:	f9c080e7          	jalr	-100(ra) # 2000192e <tmos_memcpy>
    299a:	20002797          	auipc	a5,0x20002
    299e:	6de78793          	addi	a5,a5,1758 # 20005078 <ble>
    29a2:	27da                	.2byte	0x27da
    29a4:	e701                	bnez	a4,29ac <BLE_LibInit+0x84>
    29a6:	10000713          	li	a4,256
    29aa:	a7da                	.2byte	0xa7da
    29ac:	27f8                	.2byte	0x27f8
    29ae:	e319                	bnez	a4,29b4 <BLE_LibInit+0x8c>
    29b0:	4705                	li	a4,1
    29b2:	a7f8                	.2byte	0xa7f8
    29b4:	2b9a                	.2byte	0x2b9a
    29b6:	e319                	bnez	a4,29bc <BLE_LibInit+0x94>
    29b8:	476d                	li	a4,27
    29ba:	ab9a                	.2byte	0xab9a
    29bc:	37f8                	.2byte	0x37f8
    29be:	e319                	bnez	a4,29c4 <BLE_LibInit+0x9c>
    29c0:	4715                	li	a4,5
    29c2:	b7f8                	.2byte	0xb7f8
    29c4:	2bb8                	.2byte	0x2bb8
    29c6:	e319                	bnez	a4,29cc <BLE_LibInit+0xa4>
    29c8:	4705                	li	a4,1
    29ca:	abb8                	.2byte	0xabb8
    29cc:	3bb8                	.2byte	0x3bb8
    29ce:	e319                	bnez	a4,29d4 <BLE_LibInit+0xac>
    29d0:	37f8                	.2byte	0x37f8
    29d2:	bbb8                	.2byte	0xbbb8
    29d4:	3bd8                	.2byte	0x3bd8
    29d6:	c711                	beqz	a4,29e2 <BLE_LibInit+0xba>
    29d8:	00377693          	andi	a3,a4,3
    29dc:	8309                	srli	a4,a4,0x2
    29de:	abf4                	.2byte	0xabf4
    29e0:	bbf8                	.2byte	0xbbf8
    29e2:	2bd8                	.2byte	0x2bd8
    29e4:	e319                	bnez	a4,29ea <BLE_LibInit+0xc2>
    29e6:	4755                	li	a4,21
    29e8:	abd8                	.2byte	0xabd8
    29ea:	2c18                	.2byte	0x2c18
    29ec:	e701                	bnez	a4,29f4 <BLE_LibInit+0xcc>
    29ee:	03c00713          	li	a4,60
    29f2:	af98                	.2byte	0xaf98
    29f4:	579c                	lw	a5,40(a5)
    29f6:	c791                	beqz	a5,2a02 <BLE_LibInit+0xda>
    29f8:	9782                	jalr	a5
    29fa:	20002797          	auipc	a5,0x20002
    29fe:	64a79f23          	sh	a0,1630(a5) # 20005058 <gTmosPara+0x8>
    2a02:	57fd                	li	a5,-1
    2a04:	86f18e23          	sb	a5,-1924(gp) # 200021cc <gapRole_TaskID>
    2a08:	3d21                	jal	2820 <TMOS_Init>
    2a0a:	4781                	li	a5,0
    2a0c:	40b2                	lw	ra,12(sp)
    2a0e:	4422                	lw	s0,8(sp)
    2a10:	853e                	mv	a0,a5
    2a12:	0141                	addi	sp,sp,16
    2a14:	8082                	ret
    2a16:	4789                	li	a5,2
    2a18:	853e                	mv	a0,a5
    2a1a:	8082                	ret

00002a1c <tmos_snv_init>:
    2a1c:	1101                	addi	sp,sp,-32
    2a1e:	cc22                	sw	s0,24(sp)
    2a20:	20002417          	auipc	s0,0x20002
    2a24:	65840413          	addi	s0,s0,1624 # 20005078 <ble>
    2a28:	4408                	lw	a0,8(s0)
    2a2a:	ce06                	sw	ra,28(sp)
    2a2c:	ca26                	sw	s1,20(sp)
    2a2e:	c84a                	sw	s2,16(sp)
    2a30:	e901                	bnez	a0,2a40 <tmos_snv_init+0x24>
    2a32:	4505                	li	a0,1
    2a34:	40f2                	lw	ra,28(sp)
    2a36:	4462                	lw	s0,24(sp)
    2a38:	44d2                	lw	s1,20(sp)
    2a3a:	4942                	lw	s2,16(sp)
    2a3c:	6105                	addi	sp,sp,32
    2a3e:	8082                	ret
    2a40:	585c                	lw	a5,52(s0)
    2a42:	dbe5                	beqz	a5,2a32 <tmos_snv_init+0x16>
    2a44:	5c18                	lw	a4,56(s0)
    2a46:	d775                	beqz	a4,2a32 <tmos_snv_init+0x16>
    2a48:	0070                	addi	a2,sp,12
    2a4a:	4585                	li	a1,1
    2a4c:	9782                	jalr	a5
    2a4e:	4418                	lw	a4,8(s0)
    2a50:	47b2                	lw	a5,12(sp)
    2a52:	fef700e3          	beq	a4,a5,2a32 <tmos_snv_init+0x16>
    2a56:	244a                	.2byte	0x244a
    2a58:	04e00593          	li	a1,78
    2a5c:	20002917          	auipc	s2,0x20002
    2a60:	5f490913          	addi	s2,s2,1524 # 20005050 <gTmosPara>
    2a64:	1ffff097          	auipc	ra,0x1ffff
    2a68:	f68080e7          	jalr	-152(ra) # 200019cc <tmos_memory_allocate>
    2a6c:	02a92023          	sw	a0,32(s2)
    2a70:	d169                	beqz	a0,2a32 <tmos_snv_init+0x16>
    2a72:	2452                	.2byte	0x2452
    2a74:	0ff00593          	li	a1,255
    2a78:	4481                	li	s1,0
    2a7a:	1ffff097          	auipc	ra,0x1ffff
    2a7e:	ee0080e7          	jalr	-288(ra) # 2000195a <tmos_memset>
    2a82:	247c                	.2byte	0x247c
    2a84:	02092603          	lw	a2,32(s2)
    2a88:	02f4c163          	blt	s1,a5,2aaa <tmos_snv_init+0x8e>
    2a8c:	8532                	mv	a0,a2
    2a8e:	1ffff097          	auipc	ra,0x1ffff
    2a92:	004080e7          	jalr	4(ra) # 20001a92 <tmos_memory_free>
    2a96:	4501                	li	a0,0
    2a98:	20002797          	auipc	a5,0x20002
    2a9c:	5c07ac23          	sw	zero,1496(a5) # 20005070 <gTmosPara+0x20>
    2aa0:	20002797          	auipc	a5,0x20002
    2aa4:	5c07aa23          	sw	zero,1492(a5) # 20005074 <gTmosPara+0x24>
    2aa8:	b771                	j	2a34 <tmos_snv_init+0x18>
    2aaa:	244e                	.2byte	0x244e
    2aac:	4418                	lw	a4,8(s0)
    2aae:	029587b3          	mul	a5,a1,s1
    2ab2:	8189                	srli	a1,a1,0x2
    2ab4:	0485                	addi	s1,s1,1
    2ab6:	00e78533          	add	a0,a5,a4
    2aba:	5c1c                	lw	a5,56(s0)
    2abc:	c208                	sw	a0,0(a2)
    2abe:	9782                	jalr	a5
    2ac0:	b7c9                	j	2a82 <tmos_snv_init+0x66>

00002ac2 <AES_DevAESEnc>:
    2ac2:	86818713          	addi	a4,gp,-1944 # 200021b8 <gptrAESReg>
    2ac6:	431c                	lw	a5,0(a4)
    2ac8:	10000693          	li	a3,256
    2acc:	c394                	sw	a3,0(a5)
    2ace:	0001                	nop
    2ad0:	0001                	nop
    2ad2:	0001                	nop
    2ad4:	0001                	nop
    2ad6:	431c                	lw	a5,0(a4)
    2ad8:	0007a023          	sw	zero,0(a5)
    2adc:	3114                	.2byte	0x3114
    2ade:	00054803          	lbu	a6,0(a0)
    2ae2:	06a2                	slli	a3,a3,0x8
    2ae4:	0106e6b3          	or	a3,a3,a6
    2ae8:	00254803          	lbu	a6,2(a0)
    2aec:	0842                	slli	a6,a6,0x10
    2aee:	00d86833          	or	a6,a6,a3
    2af2:	3134                	.2byte	0x3134
    2af4:	06e2                	slli	a3,a3,0x18
    2af6:	0106e6b3          	or	a3,a3,a6
    2afa:	d794                	sw	a3,40(a5)
    2afc:	3154                	.2byte	0x3154
    2afe:	00454803          	lbu	a6,4(a0)
    2b02:	06a2                	slli	a3,a3,0x8
    2b04:	0106e6b3          	or	a3,a3,a6
    2b08:	00654803          	lbu	a6,6(a0)
    2b0c:	0842                	slli	a6,a6,0x10
    2b0e:	00d86833          	or	a6,a6,a3
    2b12:	3174                	.2byte	0x3174
    2b14:	06e2                	slli	a3,a3,0x18
    2b16:	0106e6b3          	or	a3,a3,a6
    2b1a:	d7d4                	sw	a3,44(a5)
    2b1c:	3514                	.2byte	0x3514
    2b1e:	00854803          	lbu	a6,8(a0)
    2b22:	06a2                	slli	a3,a3,0x8
    2b24:	0106e6b3          	or	a3,a3,a6
    2b28:	00a54803          	lbu	a6,10(a0)
    2b2c:	0842                	slli	a6,a6,0x10
    2b2e:	00d86833          	or	a6,a6,a3
    2b32:	3534                	.2byte	0x3534
    2b34:	06e2                	slli	a3,a3,0x18
    2b36:	0106e6b3          	or	a3,a3,a6
    2b3a:	db94                	sw	a3,48(a5)
    2b3c:	3554                	.2byte	0x3554
    2b3e:	00c54803          	lbu	a6,12(a0)
    2b42:	06a2                	slli	a3,a3,0x8
    2b44:	0106e6b3          	or	a3,a3,a6
    2b48:	00e54803          	lbu	a6,14(a0)
    2b4c:	0842                	slli	a6,a6,0x10
    2b4e:	00d86833          	or	a6,a6,a3
    2b52:	3574                	.2byte	0x3574
    2b54:	06e2                	slli	a3,a3,0x18
    2b56:	0106e6b3          	or	a3,a3,a6
    2b5a:	dbd4                	sw	a3,52(a5)
    2b5c:	3194                	.2byte	0x3194
    2b5e:	2188                	.2byte	0x2188
    2b60:	06a2                	slli	a3,a3,0x8
    2b62:	8ec9                	or	a3,a3,a0
    2b64:	21a8                	.2byte	0x21a8
    2b66:	0542                	slli	a0,a0,0x10
    2b68:	8d55                	or	a0,a0,a3
    2b6a:	31b4                	.2byte	0x31b4
    2b6c:	06e2                	slli	a3,a3,0x18
    2b6e:	8ec9                	or	a3,a3,a0
    2b70:	cf94                	sw	a3,24(a5)
    2b72:	31d4                	.2byte	0x31d4
    2b74:	21c8                	.2byte	0x21c8
    2b76:	06a2                	slli	a3,a3,0x8
    2b78:	8ec9                	or	a3,a3,a0
    2b7a:	21e8                	.2byte	0x21e8
    2b7c:	0542                	slli	a0,a0,0x10
    2b7e:	8d55                	or	a0,a0,a3
    2b80:	31f4                	.2byte	0x31f4
    2b82:	06e2                	slli	a3,a3,0x18
    2b84:	8ec9                	or	a3,a3,a0
    2b86:	cfd4                	sw	a3,28(a5)
    2b88:	2588                	.2byte	0x2588
    2b8a:	3594                	.2byte	0x3594
    2b8c:	06a2                	slli	a3,a3,0x8
    2b8e:	8ec9                	or	a3,a3,a0
    2b90:	25a8                	.2byte	0x25a8
    2b92:	0542                	slli	a0,a0,0x10
    2b94:	8d55                	or	a0,a0,a3
    2b96:	35b4                	.2byte	0x35b4
    2b98:	06e2                	slli	a3,a3,0x18
    2b9a:	8ec9                	or	a3,a3,a0
    2b9c:	d394                	sw	a3,32(a5)
    2b9e:	35d4                	.2byte	0x35d4
    2ba0:	25c8                	.2byte	0x25c8
    2ba2:	06a2                	slli	a3,a3,0x8
    2ba4:	8ec9                	or	a3,a3,a0
    2ba6:	25e8                	.2byte	0x25e8
    2ba8:	0542                	slli	a0,a0,0x10
    2baa:	8d55                	or	a0,a0,a3
    2bac:	35f4                	.2byte	0x35f4
    2bae:	06e2                	slli	a3,a3,0x18
    2bb0:	8ec9                	or	a3,a3,a0
    2bb2:	d3d4                	sw	a3,36(a5)
    2bb4:	43d4                	lw	a3,4(a5)
    2bb6:	9af5                	andi	a3,a3,-3
    2bb8:	c3d4                	sw	a3,4(a5)
    2bba:	43d4                	lw	a3,4(a5)
    2bbc:	0016e693          	ori	a3,a3,1
    2bc0:	c3d4                	sw	a3,4(a5)
    2bc2:	4394                	lw	a3,0(a5)
    2bc4:	0016e693          	ori	a3,a3,1
    2bc8:	c394                	sw	a3,0(a5)
    2bca:	4314                	lw	a3,0(a4)
    2bcc:	42dc                	lw	a5,4(a3)
    2bce:	8b85                	andi	a5,a5,1
    2bd0:	e3bd                	bnez	a5,2c36 <AES_DevAESEnc+0x174>
    2bd2:	4e9c                	lw	a5,24(a3)
    2bd4:	4501                	li	a0,0
    2bd6:	a21c                	.2byte	0xa21c
    2bd8:	431c                	lw	a5,0(a4)
    2bda:	4f9c                	lw	a5,24(a5)
    2bdc:	83a1                	srli	a5,a5,0x8
    2bde:	b21c                	.2byte	0xb21c
    2be0:	431c                	lw	a5,0(a4)
    2be2:	4f9c                	lw	a5,24(a5)
    2be4:	83c1                	srli	a5,a5,0x10
    2be6:	a23c                	.2byte	0xa23c
    2be8:	431c                	lw	a5,0(a4)
    2bea:	4f9c                	lw	a5,24(a5)
    2bec:	83e1                	srli	a5,a5,0x18
    2bee:	b23c                	.2byte	0xb23c
    2bf0:	431c                	lw	a5,0(a4)
    2bf2:	4fd8                	lw	a4,28(a5)
    2bf4:	a258                	.2byte	0xa258
    2bf6:	4fd8                	lw	a4,28(a5)
    2bf8:	8321                	srli	a4,a4,0x8
    2bfa:	b258                	.2byte	0xb258
    2bfc:	4fd8                	lw	a4,28(a5)
    2bfe:	8341                	srli	a4,a4,0x10
    2c00:	a278                	.2byte	0xa278
    2c02:	4fd8                	lw	a4,28(a5)
    2c04:	8361                	srli	a4,a4,0x18
    2c06:	b278                	.2byte	0xb278
    2c08:	5398                	lw	a4,32(a5)
    2c0a:	a618                	.2byte	0xa618
    2c0c:	5398                	lw	a4,32(a5)
    2c0e:	8321                	srli	a4,a4,0x8
    2c10:	b618                	.2byte	0xb618
    2c12:	5398                	lw	a4,32(a5)
    2c14:	8341                	srli	a4,a4,0x10
    2c16:	a638                	.2byte	0xa638
    2c18:	5398                	lw	a4,32(a5)
    2c1a:	8361                	srli	a4,a4,0x18
    2c1c:	b638                	.2byte	0xb638
    2c1e:	53d8                	lw	a4,36(a5)
    2c20:	a658                	.2byte	0xa658
    2c22:	53d8                	lw	a4,36(a5)
    2c24:	8321                	srli	a4,a4,0x8
    2c26:	b658                	.2byte	0xb658
    2c28:	53d8                	lw	a4,36(a5)
    2c2a:	8341                	srli	a4,a4,0x10
    2c2c:	a678                	.2byte	0xa678
    2c2e:	53dc                	lw	a5,36(a5)
    2c30:	83e1                	srli	a5,a5,0x18
    2c32:	b67c                	.2byte	0xb67c
    2c34:	8082                	ret
    2c36:	0001                	nop
    2c38:	bf49                	j	2bca <AES_DevAESEnc+0x108>

00002c3a <AES_DevAESDec>:
    2c3a:	86818713          	addi	a4,gp,-1944 # 200021b8 <gptrAESReg>
    2c3e:	431c                	lw	a5,0(a4)
    2c40:	10000693          	li	a3,256
    2c44:	c394                	sw	a3,0(a5)
    2c46:	0001                	nop
    2c48:	0001                	nop
    2c4a:	0001                	nop
    2c4c:	0001                	nop
    2c4e:	431c                	lw	a5,0(a4)
    2c50:	4689                	li	a3,2
    2c52:	c394                	sw	a3,0(a5)
    2c54:	3114                	.2byte	0x3114
    2c56:	00054803          	lbu	a6,0(a0)
    2c5a:	06a2                	slli	a3,a3,0x8
    2c5c:	0106e6b3          	or	a3,a3,a6
    2c60:	00254803          	lbu	a6,2(a0)
    2c64:	0842                	slli	a6,a6,0x10
    2c66:	00d86833          	or	a6,a6,a3
    2c6a:	3134                	.2byte	0x3134
    2c6c:	06e2                	slli	a3,a3,0x18
    2c6e:	0106e6b3          	or	a3,a3,a6
    2c72:	d794                	sw	a3,40(a5)
    2c74:	3154                	.2byte	0x3154
    2c76:	00454803          	lbu	a6,4(a0)
    2c7a:	06a2                	slli	a3,a3,0x8
    2c7c:	0106e6b3          	or	a3,a3,a6
    2c80:	00654803          	lbu	a6,6(a0)
    2c84:	0842                	slli	a6,a6,0x10
    2c86:	00d86833          	or	a6,a6,a3
    2c8a:	3174                	.2byte	0x3174
    2c8c:	06e2                	slli	a3,a3,0x18
    2c8e:	0106e6b3          	or	a3,a3,a6
    2c92:	d7d4                	sw	a3,44(a5)
    2c94:	3514                	.2byte	0x3514
    2c96:	00854803          	lbu	a6,8(a0)
    2c9a:	06a2                	slli	a3,a3,0x8
    2c9c:	0106e6b3          	or	a3,a3,a6
    2ca0:	00a54803          	lbu	a6,10(a0)
    2ca4:	0842                	slli	a6,a6,0x10
    2ca6:	00d86833          	or	a6,a6,a3
    2caa:	3534                	.2byte	0x3534
    2cac:	06e2                	slli	a3,a3,0x18
    2cae:	0106e6b3          	or	a3,a3,a6
    2cb2:	db94                	sw	a3,48(a5)
    2cb4:	3554                	.2byte	0x3554
    2cb6:	00c54803          	lbu	a6,12(a0)
    2cba:	06a2                	slli	a3,a3,0x8
    2cbc:	0106e6b3          	or	a3,a3,a6
    2cc0:	00e54803          	lbu	a6,14(a0)
    2cc4:	0842                	slli	a6,a6,0x10
    2cc6:	00d86833          	or	a6,a6,a3
    2cca:	3574                	.2byte	0x3574
    2ccc:	06e2                	slli	a3,a3,0x18
    2cce:	0106e6b3          	or	a3,a3,a6
    2cd2:	dbd4                	sw	a3,52(a5)
    2cd4:	3194                	.2byte	0x3194
    2cd6:	2188                	.2byte	0x2188
    2cd8:	06a2                	slli	a3,a3,0x8
    2cda:	8ec9                	or	a3,a3,a0
    2cdc:	21a8                	.2byte	0x21a8
    2cde:	0542                	slli	a0,a0,0x10
    2ce0:	8d55                	or	a0,a0,a3
    2ce2:	31b4                	.2byte	0x31b4
    2ce4:	06e2                	slli	a3,a3,0x18
    2ce6:	8ec9                	or	a3,a3,a0
    2ce8:	cf94                	sw	a3,24(a5)
    2cea:	31d4                	.2byte	0x31d4
    2cec:	21c8                	.2byte	0x21c8
    2cee:	06a2                	slli	a3,a3,0x8
    2cf0:	8ec9                	or	a3,a3,a0
    2cf2:	21e8                	.2byte	0x21e8
    2cf4:	0542                	slli	a0,a0,0x10
    2cf6:	8d55                	or	a0,a0,a3
    2cf8:	31f4                	.2byte	0x31f4
    2cfa:	06e2                	slli	a3,a3,0x18
    2cfc:	8ec9                	or	a3,a3,a0
    2cfe:	cfd4                	sw	a3,28(a5)
    2d00:	2588                	.2byte	0x2588
    2d02:	3594                	.2byte	0x3594
    2d04:	06a2                	slli	a3,a3,0x8
    2d06:	8ec9                	or	a3,a3,a0
    2d08:	25a8                	.2byte	0x25a8
    2d0a:	0542                	slli	a0,a0,0x10
    2d0c:	8d55                	or	a0,a0,a3
    2d0e:	35b4                	.2byte	0x35b4
    2d10:	06e2                	slli	a3,a3,0x18
    2d12:	8ec9                	or	a3,a3,a0
    2d14:	d394                	sw	a3,32(a5)
    2d16:	35d4                	.2byte	0x35d4
    2d18:	25c8                	.2byte	0x25c8
    2d1a:	06a2                	slli	a3,a3,0x8
    2d1c:	8ec9                	or	a3,a3,a0
    2d1e:	25e8                	.2byte	0x25e8
    2d20:	0542                	slli	a0,a0,0x10
    2d22:	8d55                	or	a0,a0,a3
    2d24:	35f4                	.2byte	0x35f4
    2d26:	06e2                	slli	a3,a3,0x18
    2d28:	8ec9                	or	a3,a3,a0
    2d2a:	d3d4                	sw	a3,36(a5)
    2d2c:	43d4                	lw	a3,4(a5)
    2d2e:	9af5                	andi	a3,a3,-3
    2d30:	c3d4                	sw	a3,4(a5)
    2d32:	43d4                	lw	a3,4(a5)
    2d34:	0016e693          	ori	a3,a3,1
    2d38:	c3d4                	sw	a3,4(a5)
    2d3a:	4394                	lw	a3,0(a5)
    2d3c:	0016e693          	ori	a3,a3,1
    2d40:	c394                	sw	a3,0(a5)
    2d42:	431c                	lw	a5,0(a4)
    2d44:	43d4                	lw	a3,4(a5)
    2d46:	8a85                	andi	a3,a3,1
    2d48:	e6ad                	bnez	a3,2db2 <AES_DevAESDec+0x178>
    2d4a:	0007a023          	sw	zero,0(a5)
    2d4e:	4f9c                	lw	a5,24(a5)
    2d50:	4501                	li	a0,0
    2d52:	a21c                	.2byte	0xa21c
    2d54:	431c                	lw	a5,0(a4)
    2d56:	4f9c                	lw	a5,24(a5)
    2d58:	83a1                	srli	a5,a5,0x8
    2d5a:	b21c                	.2byte	0xb21c
    2d5c:	431c                	lw	a5,0(a4)
    2d5e:	4f9c                	lw	a5,24(a5)
    2d60:	83c1                	srli	a5,a5,0x10
    2d62:	a23c                	.2byte	0xa23c
    2d64:	431c                	lw	a5,0(a4)
    2d66:	4f9c                	lw	a5,24(a5)
    2d68:	83e1                	srli	a5,a5,0x18
    2d6a:	b23c                	.2byte	0xb23c
    2d6c:	431c                	lw	a5,0(a4)
    2d6e:	4fd8                	lw	a4,28(a5)
    2d70:	a258                	.2byte	0xa258
    2d72:	4fd8                	lw	a4,28(a5)
    2d74:	8321                	srli	a4,a4,0x8
    2d76:	b258                	.2byte	0xb258
    2d78:	4fd8                	lw	a4,28(a5)
    2d7a:	8341                	srli	a4,a4,0x10
    2d7c:	a278                	.2byte	0xa278
    2d7e:	4fd8                	lw	a4,28(a5)
    2d80:	8361                	srli	a4,a4,0x18
    2d82:	b278                	.2byte	0xb278
    2d84:	5398                	lw	a4,32(a5)
    2d86:	a618                	.2byte	0xa618
    2d88:	5398                	lw	a4,32(a5)
    2d8a:	8321                	srli	a4,a4,0x8
    2d8c:	b618                	.2byte	0xb618
    2d8e:	5398                	lw	a4,32(a5)
    2d90:	8341                	srli	a4,a4,0x10
    2d92:	a638                	.2byte	0xa638
    2d94:	5398                	lw	a4,32(a5)
    2d96:	8361                	srli	a4,a4,0x18
    2d98:	b638                	.2byte	0xb638
    2d9a:	53d8                	lw	a4,36(a5)
    2d9c:	a658                	.2byte	0xa658
    2d9e:	53d8                	lw	a4,36(a5)
    2da0:	8321                	srli	a4,a4,0x8
    2da2:	b658                	.2byte	0xb658
    2da4:	53d8                	lw	a4,36(a5)
    2da6:	8341                	srli	a4,a4,0x10
    2da8:	a678                	.2byte	0xa678
    2daa:	53dc                	lw	a5,36(a5)
    2dac:	83e1                	srli	a5,a5,0x18
    2dae:	b67c                	.2byte	0xb67c
    2db0:	8082                	ret
    2db2:	0001                	nop
    2db4:	b779                	j	2d42 <AES_DevAESDec+0x108>

00002db6 <LL_Encrypt>:
    2db6:	1101                	addi	sp,sp,-32
    2db8:	cc22                	sw	s0,24(sp)
    2dba:	842a                	mv	s0,a0
    2dbc:	4535                	li	a0,13
    2dbe:	ce06                	sw	ra,28(sp)
    2dc0:	c62e                	sw	a1,12(sp)
    2dc2:	c432                	sw	a2,8(sp)
    2dc4:	1ffff097          	auipc	ra,0x1ffff
    2dc8:	192080e7          	jalr	402(ra) # 20001f56 <phy_status_clear>
    2dcc:	8741a703          	lw	a4,-1932(gp) # 200021c4 <gptrLLEReg>
    2dd0:	4b3c                	lw	a5,80(a4)
    2dd2:	8522                	mv	a0,s0
    2dd4:	0807e793          	ori	a5,a5,128
    2dd8:	cb3c                	sw	a5,80(a4)
    2dda:	4622                	lw	a2,8(sp)
    2ddc:	45b2                	lw	a1,12(sp)
    2dde:	31d5                	jal	2ac2 <AES_DevAESEnc>
    2de0:	40f2                	lw	ra,28(sp)
    2de2:	4462                	lw	s0,24(sp)
    2de4:	4501                	li	a0,0
    2de6:	6105                	addi	sp,sp,32
    2de8:	8082                	ret

00002dea <LL_Decrypt>:
    2dea:	1101                	addi	sp,sp,-32
    2dec:	cc22                	sw	s0,24(sp)
    2dee:	842a                	mv	s0,a0
    2df0:	4535                	li	a0,13
    2df2:	ce06                	sw	ra,28(sp)
    2df4:	c62e                	sw	a1,12(sp)
    2df6:	c432                	sw	a2,8(sp)
    2df8:	1ffff097          	auipc	ra,0x1ffff
    2dfc:	15e080e7          	jalr	350(ra) # 20001f56 <phy_status_clear>
    2e00:	8741a703          	lw	a4,-1932(gp) # 200021c4 <gptrLLEReg>
    2e04:	4b3c                	lw	a5,80(a4)
    2e06:	8522                	mv	a0,s0
    2e08:	0807e793          	ori	a5,a5,128
    2e0c:	cb3c                	sw	a5,80(a4)
    2e0e:	4622                	lw	a2,8(sp)
    2e10:	45b2                	lw	a1,12(sp)
    2e12:	3525                	jal	2c3a <AES_DevAESDec>
    2e14:	40f2                	lw	ra,28(sp)
    2e16:	4462                	lw	s0,24(sp)
    2e18:	4501                	li	a0,0
    2e1a:	6105                	addi	sp,sp,32
    2e1c:	8082                	ret

00002e1e <tmos_memory_getlen>:
    2e1e:	8881a783          	lw	a5,-1912(gp) # 200021d8 <MemCtlStart>
    2e22:	8801a703          	lw	a4,-1920(gp) # 200021d0 <MemCtlEnd>
    2e26:	4501                	li	a0,0
    2e28:	00f71363          	bne	a4,a5,2e2e <tmos_memory_getlen+0x10>
    2e2c:	8082                	ret
    2e2e:	23f6                	.2byte	0x23f6
    2e30:	e299                	bnez	a3,2e36 <tmos_memory_getlen+0x18>
    2e32:	23d6                	.2byte	0x23d6
    2e34:	9536                	add	a0,a0,a3
    2e36:	439c                	lw	a5,0(a5)
    2e38:	bfc5                	j	2e28 <tmos_memory_getlen+0xa>

00002e3a <tmos_memory_init>:
    2e3a:	20002717          	auipc	a4,0x20002
    2e3e:	23e70713          	addi	a4,a4,574 # 20005078 <ble>
    2e42:	431c                	lw	a5,0(a4)
    2e44:	235a                	.2byte	0x235a
    2e46:	1141                	addi	sp,sp,-16
    2e48:	11078693          	addi	a3,a5,272
    2e4c:	17e1                	addi	a5,a5,-8
    2e4e:	97ba                	add	a5,a5,a4
    2e50:	6585                	lui	a1,0x1
    2e52:	88d1a423          	sw	a3,-1912(gp) # 200021d8 <MemCtlStart>
    2e56:	88f1a023          	sw	a5,-1920(gp) # 200021d0 <MemCtlEnd>
    2e5a:	c606                	sw	ra,12(sp)
    2e5c:	059d                	addi	a1,a1,7 # 1007 <_highcode_lma+0xdfb>
    2e5e:	00375613          	srli	a2,a4,0x3
    2e62:	00e5f463          	bgeu	a1,a4,2e6a <tmos_memory_init+0x30>
    2e66:	20000613          	li	a2,512
    2e6a:	00c68733          	add	a4,a3,a2
    2e6e:	88e1a223          	sw	a4,-1916(gp) # 200021d4 <MemCtlPartition>
    2e72:	1661                	addi	a2,a2,-8
    2e74:	c298                	sw	a4,0(a3)
    2e76:	a2d2                	.2byte	0xa2d2
    2e78:	00069323          	sh	zero,6(a3) # 20000006 <_highcode_init_vma_start+0x6>
    2e7c:	c31c                	sw	a5,0(a4)
    2e7e:	8f99                	sub	a5,a5,a4
    2e80:	17e1                	addi	a5,a5,-8
    2e82:	a35e                	.2byte	0xa35e
    2e84:	00071323          	sh	zero,6(a4)
    2e88:	3f59                	jal	2e1e <tmos_memory_getlen>
    2e8a:	40b2                	lw	ra,12(sp)
    2e8c:	20002797          	auipc	a5,0x20002
    2e90:	1ca79523          	sh	a0,458(a5) # 20005056 <gTmosPara+0x6>
    2e94:	0141                	addi	sp,sp,16
    2e96:	8082                	ret

00002e98 <printchar>:
    2e98:	1101                	addi	sp,sp,-32
    2e9a:	ce06                	sw	ra,28(sp)
    2e9c:	c62e                	sw	a1,12(sp)
    2e9e:	cd15                	beqz	a0,2eda <printchar+0x42>
    2ea0:	4118                	lw	a4,0(a0)
    2ea2:	87aa                	mv	a5,a0
    2ea4:	c305                	beqz	a4,2ec4 <printchar+0x2c>
    2ea6:	4158                	lw	a4,4(a0)
    2ea8:	557d                	li	a0,-1
    2eaa:	cb11                	beqz	a4,2ebe <printchar+0x26>
    2eac:	4685                	li	a3,1
    2eae:	00d71b63          	bne	a4,a3,2ec4 <printchar+0x2c>
    2eb2:	4798                	lw	a4,8(a5)
    2eb4:	00070023          	sb	zero,0(a4)
    2eb8:	0007a223          	sw	zero,4(a5)
    2ebc:	4505                	li	a0,1
    2ebe:	40f2                	lw	ra,28(sp)
    2ec0:	6105                	addi	sp,sp,32
    2ec2:	8082                	ret
    2ec4:	4798                	lw	a4,8(a5)
    2ec6:	46b2                	lw	a3,12(sp)
    2ec8:	00d70023          	sb	a3,0(a4)
    2ecc:	4798                	lw	a4,8(a5)
    2ece:	0705                	addi	a4,a4,1
    2ed0:	c798                	sw	a4,8(a5)
    2ed2:	43d8                	lw	a4,4(a5)
    2ed4:	177d                	addi	a4,a4,-1
    2ed6:	c3d8                	sw	a4,4(a5)
    2ed8:	b7d5                	j	2ebc <printchar+0x24>
    2eda:	4605                	li	a2,1
    2edc:	006c                	addi	a1,sp,12
    2ede:	8a9ff0ef          	jal	ra,2786 <_write>
    2ee2:	bfe9                	j	2ebc <printchar+0x24>

00002ee4 <prints>:
    2ee4:	1101                	addi	sp,sp,-32
    2ee6:	cc22                	sw	s0,24(sp)
    2ee8:	ca26                	sw	s1,20(sp)
    2eea:	c452                	sw	s4,8(sp)
    2eec:	c256                	sw	s5,4(sp)
    2eee:	c05a                	sw	s6,0(sp)
    2ef0:	ce06                	sw	ra,28(sp)
    2ef2:	c84a                	sw	s2,16(sp)
    2ef4:	c64e                	sw	s3,12(sp)
    2ef6:	8a2a                	mv	s4,a0
    2ef8:	8aae                	mv	s5,a1
    2efa:	8432                	mv	s0,a2
    2efc:	84ba                	mv	s1,a4
    2efe:	0016fb13          	andi	s6,a3,1
    2f02:	08064a63          	bltz	a2,2f96 <prints+0xb2>
    2f06:	852e                	mv	a0,a1
    2f08:	8936                	mv	s2,a3
    2f0a:	2b55                	jal	34be <strlen>
    2f0c:	89aa                	mv	s3,a0
    2f0e:	08855263          	bge	a0,s0,2f92 <prints+0xae>
    2f12:	02955d63          	bge	a0,s1,2f4c <prints+0x68>
    2f16:	8c05                	sub	s0,s0,s1
    2f18:	080b1963          	bnez	s6,2faa <prints+0xc6>
    2f1c:	02000b13          	li	s6,32
    2f20:	8922                	mv	s2,s0
    2f22:	07204f63          	bgtz	s2,2fa0 <prints+0xbc>
    2f26:	4901                	li	s2,0
    2f28:	0b246933          	max	s2,s0,s2
    2f2c:	41240433          	sub	s0,s0,s2
    2f30:	0299d963          	bge	s3,s1,2f62 <prints+0x7e>
    2f34:	413484b3          	sub	s1,s1,s3
    2f38:	89a6                	mv	s3,s1
    2f3a:	03000593          	li	a1,48
    2f3e:	8552                	mv	a0,s4
    2f40:	19fd                	addi	s3,s3,-1
    2f42:	3f99                	jal	2e98 <printchar>
    2f44:	fe099be3          	bnez	s3,2f3a <prints+0x56>
    2f48:	9926                	add	s2,s2,s1
    2f4a:	a821                	j	2f62 <prints+0x7e>
    2f4c:	8c09                	sub	s0,s0,a0
    2f4e:	00297913          	andi	s2,s2,2
    2f52:	fc0903e3          	beqz	s2,2f18 <prints+0x34>
    2f56:	f0e9                	bnez	s1,2f18 <prints+0x34>
    2f58:	040b0163          	beqz	s6,2f9a <prints+0xb6>
    2f5c:	4901                	li	s2,0
    2f5e:	03000b13          	li	s6,48
    2f62:	84ca                	mv	s1,s2
    2f64:	412487b3          	sub	a5,s1,s2
    2f68:	97d6                	add	a5,a5,s5
    2f6a:	00078583          	lb	a1,0(a5)
    2f6e:	e1b1                	bnez	a1,2fb2 <prints+0xce>
    2f70:	8922                	mv	s2,s0
    2f72:	05204463          	bgtz	s2,2fba <prints+0xd6>
    2f76:	4781                	li	a5,0
    2f78:	40f2                	lw	ra,28(sp)
    2f7a:	0af46533          	max	a0,s0,a5
    2f7e:	4462                	lw	s0,24(sp)
    2f80:	4942                	lw	s2,16(sp)
    2f82:	49b2                	lw	s3,12(sp)
    2f84:	4a22                	lw	s4,8(sp)
    2f86:	4a92                	lw	s5,4(sp)
    2f88:	4b02                	lw	s6,0(sp)
    2f8a:	9526                	add	a0,a0,s1
    2f8c:	44d2                	lw	s1,20(sp)
    2f8e:	6105                	addi	sp,sp,32
    2f90:	8082                	ret
    2f92:	4401                	li	s0,0
    2f94:	bf6d                	j	2f4e <prints+0x6a>
    2f96:	4981                	li	s3,0
    2f98:	b741                	j	2f18 <prints+0x34>
    2f9a:	03000b13          	li	s6,48
    2f9e:	b749                	j	2f20 <prints+0x3c>
    2fa0:	85da                	mv	a1,s6
    2fa2:	8552                	mv	a0,s4
    2fa4:	3dd5                	jal	2e98 <printchar>
    2fa6:	197d                	addi	s2,s2,-1
    2fa8:	bfad                	j	2f22 <prints+0x3e>
    2faa:	02000b13          	li	s6,32
    2fae:	4901                	li	s2,0
    2fb0:	b741                	j	2f30 <prints+0x4c>
    2fb2:	8552                	mv	a0,s4
    2fb4:	35d5                	jal	2e98 <printchar>
    2fb6:	0485                	addi	s1,s1,1
    2fb8:	b775                	j	2f64 <prints+0x80>
    2fba:	85da                	mv	a1,s6
    2fbc:	8552                	mv	a0,s4
    2fbe:	3de9                	jal	2e98 <printchar>
    2fc0:	197d                	addi	s2,s2,-1
    2fc2:	bf45                	j	2f72 <prints+0x8e>

00002fc4 <printInt>:
    2fc4:	7139                	addi	sp,sp,-64
    2fc6:	da26                	sw	s1,52(sp)
    2fc8:	d64e                	sw	s3,44(sp)
    2fca:	de06                	sw	ra,60(sp)
    2fcc:	dc22                	sw	s0,56(sp)
    2fce:	d84a                	sw	s2,48(sp)
    2fd0:	d452                	sw	s4,40(sp)
    2fd2:	d256                	sw	s5,36(sp)
    2fd4:	d05a                	sw	s6,32(sp)
    2fd6:	84ba                	mv	s1,a4
    2fd8:	89be                	mv	s3,a5
    2fda:	e585                	bnez	a1,3002 <printInt+0x3e>
    2fdc:	03000793          	li	a5,48
    2fe0:	4701                	li	a4,0
    2fe2:	86ce                	mv	a3,s3
    2fe4:	8626                	mv	a2,s1
    2fe6:	002c                	addi	a1,sp,8
    2fe8:	00f11423          	sh	a5,8(sp)
    2fec:	3de5                	jal	2ee4 <prints>
    2fee:	50f2                	lw	ra,60(sp)
    2ff0:	5462                	lw	s0,56(sp)
    2ff2:	54d2                	lw	s1,52(sp)
    2ff4:	5942                	lw	s2,48(sp)
    2ff6:	59b2                	lw	s3,44(sp)
    2ff8:	5a22                	lw	s4,40(sp)
    2ffa:	5a92                	lw	s5,36(sp)
    2ffc:	5b02                	lw	s6,32(sp)
    2ffe:	6121                	addi	sp,sp,64
    3000:	8082                	ret
    3002:	892a                	mv	s2,a0
    3004:	8436                	mv	s0,a3
    3006:	8ac2                	mv	s5,a6
    3008:	8b46                	mv	s6,a7
    300a:	ca91                	beqz	a3,301e <printInt+0x5a>
    300c:	47a9                	li	a5,10
    300e:	4401                	li	s0,0
    3010:	00f61763          	bne	a2,a5,301e <printInt+0x5a>
    3014:	0005d563          	bgez	a1,301e <printInt+0x5a>
    3018:	40b005b3          	neg	a1,a1
    301c:	4405                	li	s0,1
    301e:	00010fa3          	sb	zero,31(sp)
    3022:	01f10713          	addi	a4,sp,31
    3026:	46a5                	li	a3,9
    3028:	fc6a8513          	addi	a0,s5,-58
    302c:	02c5f7b3          	remu	a5,a1,a2
    3030:	00f6d363          	bge	a3,a5,3036 <printInt+0x72>
    3034:	97aa                	add	a5,a5,a0
    3036:	03078793          	addi	a5,a5,48
    303a:	fef70fa3          	sb	a5,-1(a4)
    303e:	fff70a13          	addi	s4,a4,-1
    3042:	02c5d7b3          	divu	a5,a1,a2
    3046:	04c5f563          	bgeu	a1,a2,3090 <printInt+0xcc>
    304a:	c811                	beqz	s0,305e <printInt+0x9a>
    304c:	c4a9                	beqz	s1,3096 <printInt+0xd2>
    304e:	0029f793          	andi	a5,s3,2
    3052:	c3b1                	beqz	a5,3096 <printInt+0xd2>
    3054:	02d00593          	li	a1,45
    3058:	854a                	mv	a0,s2
    305a:	3d3d                	jal	2e98 <printchar>
    305c:	14fd                	addi	s1,s1,-1
    305e:	0049f793          	andi	a5,s3,4
    3062:	cf99                	beqz	a5,3080 <printInt+0xbc>
    3064:	06100793          	li	a5,97
    3068:	03000593          	li	a1,48
    306c:	854a                	mv	a0,s2
    306e:	02fa9c63          	bne	s5,a5,30a6 <printInt+0xe2>
    3072:	351d                	jal	2e98 <printchar>
    3074:	07800593          	li	a1,120
    3078:	854a                	mv	a0,s2
    307a:	3d39                	jal	2e98 <printchar>
    307c:	0409                	addi	s0,s0,2
    307e:	14f9                	addi	s1,s1,-2
    3080:	875a                	mv	a4,s6
    3082:	86ce                	mv	a3,s3
    3084:	8626                	mv	a2,s1
    3086:	85d2                	mv	a1,s4
    3088:	854a                	mv	a0,s2
    308a:	3da9                	jal	2ee4 <prints>
    308c:	9522                	add	a0,a0,s0
    308e:	b785                	j	2fee <printInt+0x2a>
    3090:	85be                	mv	a1,a5
    3092:	8752                	mv	a4,s4
    3094:	bf61                	j	302c <printInt+0x68>
    3096:	02d00793          	li	a5,45
    309a:	fefa0fa3          	sb	a5,-1(s4)
    309e:	4401                	li	s0,0
    30a0:	ffe70a13          	addi	s4,a4,-2
    30a4:	bf6d                	j	305e <printInt+0x9a>
    30a6:	3bcd                	jal	2e98 <printchar>
    30a8:	05800593          	li	a1,88
    30ac:	b7f1                	j	3078 <printInt+0xb4>

000030ae <printLongLongInt>:
    30ae:	4501                	li	a0,0
    30b0:	8082                	ret

000030b2 <printDouble>:
    30b2:	4501                	li	a0,0
    30b4:	8082                	ret

000030b6 <print>:
    30b6:	7139                	addi	sp,sp,-64
    30b8:	d05a                	sw	s6,32(sp)
    30ba:	6b11                	lui	s6,0x4
    30bc:	dc22                	sw	s0,56(sp)
    30be:	da26                	sw	s1,52(sp)
    30c0:	d84a                	sw	s2,48(sp)
    30c2:	d64e                	sw	s3,44(sp)
    30c4:	d452                	sw	s4,40(sp)
    30c6:	d256                	sw	s5,36(sp)
    30c8:	ce5e                	sw	s7,28(sp)
    30ca:	ca66                	sw	s9,20(sp)
    30cc:	c86a                	sw	s10,16(sp)
    30ce:	de06                	sw	ra,60(sp)
    30d0:	cc62                	sw	s8,24(sp)
    30d2:	89aa                	mv	s3,a0
    30d4:	892e                	mv	s2,a1
    30d6:	8432                	mv	s0,a2
    30d8:	4a01                	li	s4,0
    30da:	4481                	li	s1,0
    30dc:	02500b93          	li	s7,37
    30e0:	02d00a93          	li	s5,45
    30e4:	4ca5                	li	s9,9
    30e6:	4d29                	li	s10,10
    30e8:	5b8b0b13          	addi	s6,s6,1464 # 45b8 <MyDevDescr+0x44>
    30ec:	00090583          	lb	a1,0(s2)
    30f0:	e58d                	bnez	a1,311a <print+0x64>
    30f2:	00098563          	beqz	s3,30fc <print+0x46>
    30f6:	4581                	li	a1,0
    30f8:	854e                	mv	a0,s3
    30fa:	3b79                	jal	2e98 <printchar>
    30fc:	50f2                	lw	ra,60(sp)
    30fe:	5462                	lw	s0,56(sp)
    3100:	5942                	lw	s2,48(sp)
    3102:	59b2                	lw	s3,44(sp)
    3104:	5a22                	lw	s4,40(sp)
    3106:	5a92                	lw	s5,36(sp)
    3108:	5b02                	lw	s6,32(sp)
    310a:	4bf2                	lw	s7,28(sp)
    310c:	4c62                	lw	s8,24(sp)
    310e:	4cd2                	lw	s9,20(sp)
    3110:	4d42                	lw	s10,16(sp)
    3112:	8526                	mv	a0,s1
    3114:	54d2                	lw	s1,52(sp)
    3116:	6121                	addi	sp,sp,64
    3118:	8082                	ret
    311a:	01758763          	beq	a1,s7,3128 <print+0x72>
    311e:	854e                	mv	a0,s3
    3120:	3ba5                	jal	2e98 <printchar>
    3122:	0485                	addi	s1,s1,1
    3124:	0905                	addi	s2,s2,1
    3126:	b7d9                	j	30ec <print+0x36>
    3128:	00190783          	lb	a5,1(s2)
    312c:	00190c13          	addi	s8,s2,1
    3130:	01779963          	bne	a5,s7,3142 <print+0x8c>
    3134:	02500593          	li	a1,37
    3138:	854e                	mv	a0,s3
    313a:	3bb9                	jal	2e98 <printchar>
    313c:	0485                	addi	s1,s1,1
    313e:	8962                	mv	s2,s8
    3140:	b7d5                	j	3124 <print+0x6e>
    3142:	dbc5                	beqz	a5,30f2 <print+0x3c>
    3144:	03578663          	beq	a5,s5,3170 <print+0xba>
    3148:	00facc63          	blt	s5,a5,3160 <print+0xaa>
    314c:	02300713          	li	a4,35
    3150:	04e78763          	beq	a5,a4,319e <print+0xe8>
    3154:	02b00713          	li	a4,43
    3158:	04e78063          	beq	a5,a4,3198 <print+0xe2>
    315c:	4781                	li	a5,0
    315e:	a821                	j	3176 <print+0xc0>
    3160:	03000713          	li	a4,48
    3164:	fee79ce3          	bne	a5,a4,315c <print+0xa6>
    3168:	00290c13          	addi	s8,s2,2
    316c:	4789                	li	a5,2
    316e:	a021                	j	3176 <print+0xc0>
    3170:	00290c13          	addi	s8,s2,2
    3174:	4785                	li	a5,1
    3176:	000c0703          	lb	a4,0(s8)
    317a:	03570d63          	beq	a4,s5,31b4 <print+0xfe>
    317e:	02eac463          	blt	s5,a4,31a6 <print+0xf0>
    3182:	02300693          	li	a3,35
    3186:	02d70a63          	beq	a4,a3,31ba <print+0x104>
    318a:	02b00693          	li	a3,43
    318e:	02d70863          	beq	a4,a3,31be <print+0x108>
    3192:	8962                	mv	s2,s8
    3194:	4601                	li	a2,0
    3196:	a825                	j	31ce <print+0x118>
    3198:	00290c13          	addi	s8,s2,2
    319c:	b7c1                	j	315c <print+0xa6>
    319e:	00290c13          	addi	s8,s2,2
    31a2:	4791                	li	a5,4
    31a4:	bfc9                	j	3176 <print+0xc0>
    31a6:	03000693          	li	a3,48
    31aa:	fed714e3          	bne	a4,a3,3192 <print+0xdc>
    31ae:	0027e793          	ori	a5,a5,2
    31b2:	a031                	j	31be <print+0x108>
    31b4:	0c05                	addi	s8,s8,1
    31b6:	4785                	li	a5,1
    31b8:	bfe9                	j	3192 <print+0xdc>
    31ba:	0047e793          	ori	a5,a5,4
    31be:	0c05                	addi	s8,s8,1
    31c0:	bfc9                	j	3192 <print+0xdc>
    31c2:	03a60633          	mul	a2,a2,s10
    31c6:	60471713          	sext.b	a4,a4
    31ca:	0905                	addi	s2,s2,1
    31cc:	963a                	add	a2,a2,a4
    31ce:	00090683          	lb	a3,0(s2)
    31d2:	fd068713          	addi	a4,a3,-48
    31d6:	0ff77593          	zext.b	a1,a4
    31da:	febcf4e3          	bgeu	s9,a1,31c2 <print+0x10c>
    31de:	02e00713          	li	a4,46
    31e2:	4599                	li	a1,6
    31e4:	00e69f63          	bne	a3,a4,3202 <print+0x14c>
    31e8:	0905                	addi	s2,s2,1
    31ea:	4581                	li	a1,0
    31ec:	46a5                	li	a3,9
    31ee:	4829                	li	a6,10
    31f0:	00090703          	lb	a4,0(s2)
    31f4:	fd070713          	addi	a4,a4,-48
    31f8:	0ff77513          	zext.b	a0,a4
    31fc:	02a6f963          	bgeu	a3,a0,322e <print+0x178>
    3200:	8a2e                	mv	s4,a1
    3202:	00090683          	lb	a3,0(s2)
    3206:	06c00713          	li	a4,108
    320a:	04e68063          	beq	a3,a4,324a <print+0x194>
    320e:	02d74763          	blt	a4,a3,323c <print+0x186>
    3212:	06800713          	li	a4,104
    3216:	06e68b63          	beq	a3,a4,328c <print+0x1d6>
    321a:	06a00713          	li	a4,106
    321e:	06e68e63          	beq	a3,a4,329a <print+0x1e4>
    3222:	04c00713          	li	a4,76
    3226:	06e68a63          	beq	a3,a4,329a <print+0x1e4>
    322a:	4701                	li	a4,0
    322c:	a03d                	j	325a <print+0x1a4>
    322e:	030585b3          	mul	a1,a1,a6
    3232:	60471713          	sext.b	a4,a4
    3236:	0905                	addi	s2,s2,1
    3238:	95ba                	add	a1,a1,a4
    323a:	bf5d                	j	31f0 <print+0x13a>
    323c:	07400713          	li	a4,116
    3240:	04e68d63          	beq	a3,a4,329a <print+0x1e4>
    3244:	07a00713          	li	a4,122
    3248:	bff9                	j	3226 <print+0x170>
    324a:	00190503          	lb	a0,1(s2)
    324e:	470d                	li	a4,3
    3250:	00d51463          	bne	a0,a3,3258 <print+0x1a2>
    3254:	0905                	addi	s2,s2,1
    3256:	4711                	li	a4,4
    3258:	0905                	addi	s2,s2,1
    325a:	00090683          	lb	a3,0(s2)
    325e:	06000513          	li	a0,96
    3262:	02d55e63          	bge	a0,a3,329e <print+0x1e8>
    3266:	07800513          	li	a0,120
    326a:	ead54de3          	blt	a0,a3,3124 <print+0x6e>
    326e:	06200513          	li	a0,98
    3272:	ead559e3          	bge	a0,a3,3124 <print+0x6e>
    3276:	f9d68693          	addi	a3,a3,-99
    327a:	0ff6f693          	zext.b	a3,a3
    327e:	4555                	li	a0,21
    3280:	ead562e3          	bltu	a0,a3,3124 <print+0x6e>
    3284:	2166c6b3          	sh2add	a3,a3,s6
    3288:	4294                	lw	a3,0(a3)
    328a:	8682                	jr	a3
    328c:	00190503          	lb	a0,1(s2)
    3290:	4701                	li	a4,0
    3292:	fcd514e3          	bne	a0,a3,325a <print+0x1a4>
    3296:	0909                	addi	s2,s2,2
    3298:	b7c9                	j	325a <print+0x1a4>
    329a:	0905                	addi	s2,s2,1
    329c:	b779                	j	322a <print+0x174>
    329e:	04700513          	li	a0,71
    32a2:	02d54563          	blt	a0,a3,32cc <print+0x216>
    32a6:	04400713          	li	a4,68
    32aa:	12d74e63          	blt	a4,a3,33e6 <print+0x330>
    32ae:	04300713          	li	a4,67
    32b2:	e6e699e3          	bne	a3,a4,3124 <print+0x6e>
    32b6:	4018                	lw	a4,0(s0)
    32b8:	00440c13          	addi	s8,s0,4
    32bc:	000106a3          	sb	zero,13(sp)
    32c0:	00e10623          	sb	a4,12(sp)
    32c4:	86be                	mv	a3,a5
    32c6:	4701                	li	a4,0
    32c8:	006c                	addi	a1,sp,12
    32ca:	a099                	j	3310 <print+0x25a>
    32cc:	05800593          	li	a1,88
    32d0:	04100813          	li	a6,65
    32d4:	e4b698e3          	bne	a3,a1,3124 <print+0x6e>
    32d8:	4691                	li	a3,4
    32da:	06d71e63          	bne	a4,a3,3356 <print+0x2a0>
    32de:	00740593          	addi	a1,s0,7
    32e2:	99e1                	andi	a1,a1,-8
    32e4:	00858413          	addi	s0,a1,8
    32e8:	88c2                	mv	a7,a6
    32ea:	883e                	mv	a6,a5
    32ec:	4701                	li	a4,0
    32ee:	87b2                	mv	a5,a2
    32f0:	46c1                	li	a3,16
    32f2:	41d0                	lw	a2,4(a1)
    32f4:	418c                	lw	a1,0(a1)
    32f6:	854e                	mv	a0,s3
    32f8:	3b5d                	jal	30ae <printLongLongInt>
    32fa:	94aa                	add	s1,s1,a0
    32fc:	b525                	j	3124 <print+0x6e>
    32fe:	400c                	lw	a1,0(s0)
    3300:	00440c13          	addi	s8,s0,4
    3304:	e581                	bnez	a1,330c <print+0x256>
    3306:	6591                	lui	a1,0x4
    3308:	5b058593          	addi	a1,a1,1456 # 45b0 <MyDevDescr+0x3c>
    330c:	8752                	mv	a4,s4
    330e:	86be                	mv	a3,a5
    3310:	854e                	mv	a0,s3
    3312:	3ec9                	jal	2ee4 <prints>
    3314:	a81d                	j	334a <print+0x294>
    3316:	4691                	li	a3,4
    3318:	00d71e63          	bne	a4,a3,3334 <print+0x27e>
    331c:	00740593          	addi	a1,s0,7
    3320:	99e1                	andi	a1,a1,-8
    3322:	883e                	mv	a6,a5
    3324:	00858413          	addi	s0,a1,8
    3328:	06100893          	li	a7,97
    332c:	87b2                	mv	a5,a2
    332e:	4705                	li	a4,1
    3330:	46a9                	li	a3,10
    3332:	b7c1                	j	32f2 <print+0x23c>
    3334:	00440c13          	addi	s8,s0,4
    3338:	88d2                	mv	a7,s4
    333a:	06100813          	li	a6,97
    333e:	8732                	mv	a4,a2
    3340:	4685                	li	a3,1
    3342:	4629                	li	a2,10
    3344:	400c                	lw	a1,0(s0)
    3346:	854e                	mv	a0,s3
    3348:	39b5                	jal	2fc4 <printInt>
    334a:	94aa                	add	s1,s1,a0
    334c:	8462                	mv	s0,s8
    334e:	bbd9                	j	3124 <print+0x6e>
    3350:	06100813          	li	a6,97
    3354:	b751                	j	32d8 <print+0x222>
    3356:	00440c13          	addi	s8,s0,4
    335a:	88d2                	mv	a7,s4
    335c:	8732                	mv	a4,a2
    335e:	4681                	li	a3,0
    3360:	4641                	li	a2,16
    3362:	b7cd                	j	3344 <print+0x28e>
    3364:	4691                	li	a3,4
    3366:	00d71d63          	bne	a4,a3,3380 <print+0x2ca>
    336a:	00740593          	addi	a1,s0,7
    336e:	99e1                	andi	a1,a1,-8
    3370:	883e                	mv	a6,a5
    3372:	00858413          	addi	s0,a1,8
    3376:	06100893          	li	a7,97
    337a:	87b2                	mv	a5,a2
    337c:	4701                	li	a4,0
    337e:	bf4d                	j	3330 <print+0x27a>
    3380:	00440c13          	addi	s8,s0,4
    3384:	88d2                	mv	a7,s4
    3386:	06100813          	li	a6,97
    338a:	8732                	mv	a4,a2
    338c:	4681                	li	a3,0
    338e:	bf55                	j	3342 <print+0x28c>
    3390:	4691                	li	a3,4
    3392:	0047e793          	ori	a5,a5,4
    3396:	00d71a63          	bne	a4,a3,33aa <print+0x2f4>
    339a:	00740593          	addi	a1,s0,7
    339e:	99e1                	andi	a1,a1,-8
    33a0:	00858413          	addi	s0,a1,8
    33a4:	06100893          	li	a7,97
    33a8:	b789                	j	32ea <print+0x234>
    33aa:	00440c13          	addi	s8,s0,4
    33ae:	88d2                	mv	a7,s4
    33b0:	06100813          	li	a6,97
    33b4:	b765                	j	335c <print+0x2a6>
    33b6:	4691                	li	a3,4
    33b8:	00d71e63          	bne	a4,a3,33d4 <print+0x31e>
    33bc:	00740593          	addi	a1,s0,7
    33c0:	99e1                	andi	a1,a1,-8
    33c2:	883e                	mv	a6,a5
    33c4:	00858413          	addi	s0,a1,8
    33c8:	06100893          	li	a7,97
    33cc:	87b2                	mv	a5,a2
    33ce:	4701                	li	a4,0
    33d0:	46a1                	li	a3,8
    33d2:	b705                	j	32f2 <print+0x23c>
    33d4:	8732                	mv	a4,a2
    33d6:	00440c13          	addi	s8,s0,4
    33da:	88d2                	mv	a7,s4
    33dc:	06100813          	li	a6,97
    33e0:	4681                	li	a3,0
    33e2:	4621                	li	a2,8
    33e4:	b785                	j	3344 <print+0x28e>
    33e6:	04100893          	li	a7,65
    33ea:	00740513          	addi	a0,s0,7
    33ee:	9961                	andi	a0,a0,-8
    33f0:	883e                	mv	a6,a5
    33f2:	8732                	mv	a4,a2
    33f4:	87ae                	mv	a5,a1
    33f6:	4150                	lw	a2,4(a0)
    33f8:	410c                	lw	a1,0(a0)
    33fa:	00850413          	addi	s0,a0,8
    33fe:	46a9                	li	a3,10
    3400:	854e                	mv	a0,s3
    3402:	3945                	jal	30b2 <printDouble>
    3404:	bddd                	j	32fa <print+0x244>
    3406:	06100893          	li	a7,97
    340a:	b7c5                	j	33ea <print+0x334>

0000340c <printf>:
    340c:	7139                	addi	sp,sp,-64
    340e:	d22e                	sw	a1,36(sp)
    3410:	d432                	sw	a2,40(sp)
    3412:	85aa                	mv	a1,a0
    3414:	1050                	addi	a2,sp,36
    3416:	4501                	li	a0,0
    3418:	ce06                	sw	ra,28(sp)
    341a:	d636                	sw	a3,44(sp)
    341c:	d83a                	sw	a4,48(sp)
    341e:	da3e                	sw	a5,52(sp)
    3420:	dc42                	sw	a6,56(sp)
    3422:	de46                	sw	a7,60(sp)
    3424:	c632                	sw	a2,12(sp)
    3426:	3941                	jal	30b6 <print>
    3428:	40f2                	lw	ra,28(sp)
    342a:	6121                	addi	sp,sp,64
    342c:	8082                	ret

0000342e <sprintf>:
    342e:	7139                	addi	sp,sp,-64
    3430:	d432                	sw	a2,40(sp)
    3432:	da3e                	sw	a5,52(sp)
    3434:	c62a                	sw	a0,12(sp)
    3436:	1030                	addi	a2,sp,40
    3438:	57fd                	li	a5,-1
    343a:	0048                	addi	a0,sp,4
    343c:	ce06                	sw	ra,28(sp)
    343e:	d636                	sw	a3,44(sp)
    3440:	d83a                	sw	a4,48(sp)
    3442:	dc42                	sw	a6,56(sp)
    3444:	de46                	sw	a7,60(sp)
    3446:	c202                	sw	zero,4(sp)
    3448:	c43e                	sw	a5,8(sp)
    344a:	c032                	sw	a2,0(sp)
    344c:	31ad                	jal	30b6 <print>
    344e:	40f2                	lw	ra,28(sp)
    3450:	6121                	addi	sp,sp,64
    3452:	8082                	ret

00003454 <siscanf>:
    3454:	7135                	addi	sp,sp,-160
    3456:	cb3e                	sw	a5,148(sp)
    3458:	20400793          	li	a5,516
    345c:	de86                	sw	ra,124(sp)
    345e:	dca2                	sw	s0,120(sp)
    3460:	c532                	sw	a2,136(sp)
    3462:	842e                	mv	s0,a1
    3464:	c736                	sw	a3,140(sp)
    3466:	c93a                	sw	a4,144(sp)
    3468:	cd42                	sw	a6,152(sp)
    346a:	cf46                	sw	a7,156(sp)
    346c:	00f11a23          	sh	a5,20(sp)
    3470:	c42a                	sw	a0,8(sp)
    3472:	cc2a                	sw	a0,24(sp)
    3474:	20a9                	jal	34be <strlen>
    3476:	00000797          	auipc	a5,0x0
    347a:	03278793          	addi	a5,a5,50 # 34a8 <__seofread>
    347e:	c62a                	sw	a0,12(sp)
    3480:	ce2a                	sw	a0,28(sp)
    3482:	d63e                	sw	a5,44(sp)
    3484:	0134                	addi	a3,sp,136
    3486:	57fd                	li	a5,-1
    3488:	8622                	mv	a2,s0
    348a:	002c                	addi	a1,sp,8
    348c:	1ffff517          	auipc	a0,0x1ffff
    3490:	cc852503          	lw	a0,-824(a0) # 20002154 <_impure_ptr>
    3494:	de02                	sw	zero,60(sp)
    3496:	c882                	sw	zero,80(sp)
    3498:	00f11b23          	sh	a5,22(sp)
    349c:	c236                	sw	a3,4(sp)
    349e:	2a2d                	jal	35d8 <__ssvfiscanf_r>
    34a0:	50f6                	lw	ra,124(sp)
    34a2:	5466                	lw	s0,120(sp)
    34a4:	610d                	addi	sp,sp,160
    34a6:	8082                	ret

000034a8 <__seofread>:
    34a8:	4501                	li	a0,0
    34aa:	8082                	ret

000034ac <strcpy>:
    34ac:	87aa                	mv	a5,a0
    34ae:	0005c703          	lbu	a4,0(a1)
    34b2:	0785                	addi	a5,a5,1
    34b4:	0585                	addi	a1,a1,1
    34b6:	fee78fa3          	sb	a4,-1(a5)
    34ba:	fb75                	bnez	a4,34ae <strcpy+0x2>
    34bc:	8082                	ret

000034be <strlen>:
    34be:	87aa                	mv	a5,a0
    34c0:	0007c703          	lbu	a4,0(a5)
    34c4:	0785                	addi	a5,a5,1
    34c6:	ff6d                	bnez	a4,34c0 <strlen+0x2>
    34c8:	40a78533          	sub	a0,a5,a0
    34cc:	157d                	addi	a0,a0,-1
    34ce:	8082                	ret

000034d0 <strncmp>:
    34d0:	c605                	beqz	a2,34f8 <strncmp+0x28>
    34d2:	167d                	addi	a2,a2,-1
    34d4:	4701                	li	a4,0
    34d6:	00e507b3          	add	a5,a0,a4
    34da:	00e586b3          	add	a3,a1,a4
    34de:	0007c783          	lbu	a5,0(a5)
    34e2:	0006c683          	lbu	a3,0(a3)
    34e6:	00d79663          	bne	a5,a3,34f2 <strncmp+0x22>
    34ea:	00c70463          	beq	a4,a2,34f2 <strncmp+0x22>
    34ee:	0705                	addi	a4,a4,1
    34f0:	f3fd                	bnez	a5,34d6 <strncmp+0x6>
    34f2:	40d78533          	sub	a0,a5,a3
    34f6:	8082                	ret
    34f8:	4501                	li	a0,0
    34fa:	8082                	ret

000034fc <_sungetc_r>:
    34fc:	1141                	addi	sp,sp,-16
    34fe:	c606                	sw	ra,12(sp)
    3500:	c422                	sw	s0,8(sp)
    3502:	c226                	sw	s1,4(sp)
    3504:	c04a                	sw	s2,0(sp)
    3506:	57fd                	li	a5,-1
    3508:	00f59a63          	bne	a1,a5,351c <_sungetc_r+0x20>
    350c:	54fd                	li	s1,-1
    350e:	40b2                	lw	ra,12(sp)
    3510:	4422                	lw	s0,8(sp)
    3512:	4902                	lw	s2,0(sp)
    3514:	8526                	mv	a0,s1
    3516:	4492                	lw	s1,4(sp)
    3518:	0141                	addi	sp,sp,16
    351a:	8082                	ret
    351c:	00c65783          	lhu	a5,12(a2)
    3520:	5a58                	lw	a4,52(a2)
    3522:	8432                	mv	s0,a2
    3524:	fdf7f793          	andi	a5,a5,-33
    3528:	00f61623          	sh	a5,12(a2)
    352c:	0ff5f913          	zext.b	s2,a1
    3530:	425c                	lw	a5,4(a2)
    3532:	0ff5f493          	zext.b	s1,a1
    3536:	c31d                	beqz	a4,355c <_sungetc_r+0x60>
    3538:	5e18                	lw	a4,56(a2)
    353a:	00e7dc63          	bge	a5,a4,3552 <_sungetc_r+0x56>
    353e:	401c                	lw	a5,0(s0)
    3540:	fff78713          	addi	a4,a5,-1
    3544:	c018                	sw	a4,0(s0)
    3546:	ff278fa3          	sb	s2,-1(a5)
    354a:	405c                	lw	a5,4(s0)
    354c:	0785                	addi	a5,a5,1
    354e:	c05c                	sw	a5,4(s0)
    3550:	bf7d                	j	350e <_sungetc_r+0x12>
    3552:	85b2                	mv	a1,a2
    3554:	225000ef          	jal	ra,3f78 <__submore>
    3558:	d17d                	beqz	a0,353e <_sungetc_r+0x42>
    355a:	bf4d                	j	350c <_sungetc_r+0x10>
    355c:	4a14                	lw	a3,16(a2)
    355e:	4218                	lw	a4,0(a2)
    3560:	ca91                	beqz	a3,3574 <_sungetc_r+0x78>
    3562:	00e6f963          	bgeu	a3,a4,3574 <_sungetc_r+0x78>
    3566:	fff74683          	lbu	a3,-1(a4)
    356a:	00969563          	bne	a3,s1,3574 <_sungetc_r+0x78>
    356e:	177d                	addi	a4,a4,-1
    3570:	c218                	sw	a4,0(a2)
    3572:	bfe9                	j	354c <_sungetc_r+0x50>
    3574:	c03c                	sw	a5,64(s0)
    3576:	04440793          	addi	a5,s0,68
    357a:	d85c                	sw	a5,52(s0)
    357c:	478d                	li	a5,3
    357e:	dc1c                	sw	a5,56(s0)
    3580:	04640793          	addi	a5,s0,70
    3584:	c01c                	sw	a5,0(s0)
    3586:	dc58                	sw	a4,60(s0)
    3588:	05240323          	sb	s2,70(s0)
    358c:	4785                	li	a5,1
    358e:	b7c1                	j	354e <_sungetc_r+0x52>

00003590 <__ssrefill_r>:
    3590:	1141                	addi	sp,sp,-16
    3592:	c422                	sw	s0,8(sp)
    3594:	842e                	mv	s0,a1
    3596:	59cc                	lw	a1,52(a1)
    3598:	c606                	sw	ra,12(sp)
    359a:	c19d                	beqz	a1,35c0 <__ssrefill_r+0x30>
    359c:	04440793          	addi	a5,s0,68
    35a0:	00f58463          	beq	a1,a5,35a8 <__ssrefill_r+0x18>
    35a4:	285000ef          	jal	ra,4028 <_free_r>
    35a8:	403c                	lw	a5,64(s0)
    35aa:	02042a23          	sw	zero,52(s0)
    35ae:	c05c                	sw	a5,4(s0)
    35b0:	cb81                	beqz	a5,35c0 <__ssrefill_r+0x30>
    35b2:	5c5c                	lw	a5,60(s0)
    35b4:	4501                	li	a0,0
    35b6:	c01c                	sw	a5,0(s0)
    35b8:	40b2                	lw	ra,12(sp)
    35ba:	4422                	lw	s0,8(sp)
    35bc:	0141                	addi	sp,sp,16
    35be:	8082                	ret
    35c0:	481c                	lw	a5,16(s0)
    35c2:	00042223          	sw	zero,4(s0)
    35c6:	557d                	li	a0,-1
    35c8:	c01c                	sw	a5,0(s0)
    35ca:	00c45783          	lhu	a5,12(s0)
    35ce:	0207e793          	ori	a5,a5,32
    35d2:	00f41623          	sh	a5,12(s0)
    35d6:	b7cd                	j	35b8 <__ssrefill_r+0x28>

000035d8 <__ssvfiscanf_r>:
    35d8:	d5010113          	addi	sp,sp,-688
    35dc:	00000797          	auipc	a5,0x0
    35e0:	f2078793          	addi	a5,a5,-224 # 34fc <_sungetc_r>
    35e4:	29412c23          	sw	s4,664(sp)
    35e8:	28f12423          	sw	a5,648(sp)
    35ec:	00c10a13          	addi	s4,sp,12
    35f0:	00000797          	auipc	a5,0x0
    35f4:	fa078793          	addi	a5,a5,-96 # 3590 <__ssrefill_r>
    35f8:	2a812423          	sw	s0,680(sp)
    35fc:	2a912223          	sw	s1,676(sp)
    3600:	29312e23          	sw	s3,668(sp)
    3604:	29512a23          	sw	s5,660(sp)
    3608:	2a112623          	sw	ra,684(sp)
    360c:	2b212023          	sw	s2,672(sp)
    3610:	29612823          	sw	s6,656(sp)
    3614:	84aa                	mv	s1,a0
    3616:	842e                	mv	s0,a1
    3618:	10012c23          	sw	zero,280(sp)
    361c:	10012e23          	sw	zero,284(sp)
    3620:	13412023          	sw	s4,288(sp)
    3624:	28f12623          	sw	a5,652(sp)
    3628:	c436                	sw	a3,8(sp)
    362a:	00001997          	auipc	s3,0x1
    362e:	08f98993          	addi	s3,s3,143 # 46b9 <_ctype_+0x1>
    3632:	02500a93          	li	s5,37
    3636:	00064783          	lbu	a5,0(a2)
    363a:	2e078563          	beqz	a5,3924 <__ssvfiscanf_r+0x34c>
    363e:	01378733          	add	a4,a5,s3
    3642:	00074703          	lbu	a4,0(a4)
    3646:	00160913          	addi	s2,a2,1
    364a:	8b21                	andi	a4,a4,8
    364c:	c321                	beqz	a4,368c <__ssvfiscanf_r+0xb4>
    364e:	405c                	lw	a5,4(s0)
    3650:	02f05763          	blez	a5,367e <__ssvfiscanf_r+0xa6>
    3654:	401c                	lw	a5,0(s0)
    3656:	0007c703          	lbu	a4,0(a5)
    365a:	974e                	add	a4,a4,s3
    365c:	00074703          	lbu	a4,0(a4)
    3660:	8b21                	andi	a4,a4,8
    3662:	e319                	bnez	a4,3668 <__ssvfiscanf_r+0x90>
    3664:	864a                	mv	a2,s2
    3666:	bfc1                	j	3636 <__ssvfiscanf_r+0x5e>
    3668:	11c12703          	lw	a4,284(sp)
    366c:	0785                	addi	a5,a5,1
    366e:	c01c                	sw	a5,0(s0)
    3670:	0705                	addi	a4,a4,1
    3672:	10e12e23          	sw	a4,284(sp)
    3676:	4058                	lw	a4,4(s0)
    3678:	177d                	addi	a4,a4,-1
    367a:	c058                	sw	a4,4(s0)
    367c:	bfc9                	j	364e <__ssvfiscanf_r+0x76>
    367e:	28c12783          	lw	a5,652(sp)
    3682:	85a2                	mv	a1,s0
    3684:	8526                	mv	a0,s1
    3686:	9782                	jalr	a5
    3688:	d571                	beqz	a0,3654 <__ssvfiscanf_r+0x7c>
    368a:	bfe9                	j	3664 <__ssvfiscanf_r+0x8c>
    368c:	8b3e                	mv	s6,a5
    368e:	0f579163          	bne	a5,s5,3770 <__ssvfiscanf_r+0x198>
    3692:	10012a23          	sw	zero,276(sp)
    3696:	10012623          	sw	zero,268(sp)
    369a:	00164703          	lbu	a4,1(a2)
    369e:	02a00793          	li	a5,42
    36a2:	00f71763          	bne	a4,a5,36b0 <__ssvfiscanf_r+0xd8>
    36a6:	47c1                	li	a5,16
    36a8:	10f12623          	sw	a5,268(sp)
    36ac:	00260913          	addi	s2,a2,2
    36b0:	8b4a                	mv	s6,s2
    36b2:	4725                	li	a4,9
    36b4:	46a9                	li	a3,10
    36b6:	000b4583          	lbu	a1,0(s6)
    36ba:	001b0913          	addi	s2,s6,1
    36be:	fd058793          	addi	a5,a1,-48
    36c2:	06f77063          	bgeu	a4,a5,3722 <__ssvfiscanf_r+0x14a>
    36c6:	460d                	li	a2,3
    36c8:	00001517          	auipc	a0,0x1
    36cc:	f4850513          	addi	a0,a0,-184 # 4610 <MyDevDescr+0x9c>
    36d0:	13f000ef          	jal	ra,400e <memchr>
    36d4:	cd09                	beqz	a0,36ee <__ssvfiscanf_r+0x116>
    36d6:	00001797          	auipc	a5,0x1
    36da:	f3a78793          	addi	a5,a5,-198 # 4610 <MyDevDescr+0x9c>
    36de:	8d1d                	sub	a0,a0,a5
    36e0:	10c12783          	lw	a5,268(sp)
    36e4:	8b4a                	mv	s6,s2
    36e6:	28a797b3          	bset	a5,a5,a0
    36ea:	10f12623          	sw	a5,268(sp)
    36ee:	000b4783          	lbu	a5,0(s6)
    36f2:	07800713          	li	a4,120
    36f6:	001b0913          	addi	s2,s6,1
    36fa:	00f76d63          	bltu	a4,a5,3714 <__ssvfiscanf_r+0x13c>
    36fe:	05700713          	li	a4,87
    3702:	02f76b63          	bltu	a4,a5,3738 <__ssvfiscanf_r+0x160>
    3706:	02500713          	li	a4,37
    370a:	06e78163          	beq	a5,a4,376c <__ssvfiscanf_r+0x194>
    370e:	04f76663          	bltu	a4,a5,375a <__ssvfiscanf_r+0x182>
    3712:	cfc1                	beqz	a5,37aa <__ssvfiscanf_r+0x1d2>
    3714:	478d                	li	a5,3
    3716:	12f12223          	sw	a5,292(sp)
    371a:	47a9                	li	a5,10
    371c:	10f12823          	sw	a5,272(sp)
    3720:	a8f5                	j	381c <__ssvfiscanf_r+0x244>
    3722:	11412783          	lw	a5,276(sp)
    3726:	8b4a                	mv	s6,s2
    3728:	02f687b3          	mul	a5,a3,a5
    372c:	fd078793          	addi	a5,a5,-48
    3730:	97ae                	add	a5,a5,a1
    3732:	10f12a23          	sw	a5,276(sp)
    3736:	b741                	j	36b6 <__ssvfiscanf_r+0xde>
    3738:	fa878713          	addi	a4,a5,-88
    373c:	0ff77713          	zext.b	a4,a4
    3740:	02000693          	li	a3,32
    3744:	fce6e8e3          	bltu	a3,a4,3714 <__ssvfiscanf_r+0x13c>
    3748:	00001697          	auipc	a3,0x1
    374c:	ecc68693          	addi	a3,a3,-308 # 4614 <MyDevDescr+0xa0>
    3750:	20d74733          	sh2add	a4,a4,a3
    3754:	4318                	lw	a4,0(a4)
    3756:	9736                	add	a4,a4,a3
    3758:	8702                	jr	a4
    375a:	fbb78793          	addi	a5,a5,-69
    375e:	0ff7f793          	zext.b	a5,a5
    3762:	4709                	li	a4,2
    3764:	faf768e3          	bltu	a4,a5,3714 <__ssvfiscanf_r+0x13c>
    3768:	4795                	li	a5,5
    376a:	a8a1                	j	37c2 <__ssvfiscanf_r+0x1ea>
    376c:	02500b13          	li	s6,37
    3770:	405c                	lw	a5,4(s0)
    3772:	02f05263          	blez	a5,3796 <__ssvfiscanf_r+0x1be>
    3776:	401c                	lw	a5,0(s0)
    3778:	0007c703          	lbu	a4,0(a5)
    377c:	1b671463          	bne	a4,s6,3924 <__ssvfiscanf_r+0x34c>
    3780:	0785                	addi	a5,a5,1
    3782:	4058                	lw	a4,4(s0)
    3784:	c01c                	sw	a5,0(s0)
    3786:	11c12783          	lw	a5,284(sp)
    378a:	177d                	addi	a4,a4,-1
    378c:	c058                	sw	a4,4(s0)
    378e:	0785                	addi	a5,a5,1
    3790:	10f12e23          	sw	a5,284(sp)
    3794:	bdc1                	j	3664 <__ssvfiscanf_r+0x8c>
    3796:	28c12783          	lw	a5,652(sp)
    379a:	85a2                	mv	a1,s0
    379c:	8526                	mv	a0,s1
    379e:	9782                	jalr	a5
    37a0:	d979                	beqz	a0,3776 <__ssvfiscanf_r+0x19e>
    37a2:	11812503          	lw	a0,280(sp)
    37a6:	14051663          	bnez	a0,38f2 <__ssvfiscanf_r+0x31a>
    37aa:	557d                	li	a0,-1
    37ac:	aa89                	j	38fe <__ssvfiscanf_r+0x326>
    37ae:	10c12783          	lw	a5,268(sp)
    37b2:	2207e793          	ori	a5,a5,544
    37b6:	10f12623          	sw	a5,268(sp)
    37ba:	47c1                	li	a5,16
    37bc:	10f12823          	sw	a5,272(sp)
    37c0:	4791                	li	a5,4
    37c2:	12f12223          	sw	a5,292(sp)
    37c6:	a899                	j	381c <__ssvfiscanf_r+0x244>
    37c8:	10c12703          	lw	a4,268(sp)
    37cc:	20076713          	ori	a4,a4,512
    37d0:	10e12623          	sw	a4,268(sp)
    37d4:	4741                	li	a4,16
    37d6:	10e12823          	sw	a4,272(sp)
    37da:	06e00713          	li	a4,110
    37de:	00f77563          	bgeu	a4,a5,37e8 <__ssvfiscanf_r+0x210>
    37e2:	bff9                	j	37c0 <__ssvfiscanf_r+0x1e8>
    37e4:	10012823          	sw	zero,272(sp)
    37e8:	478d                	li	a5,3
    37ea:	bfe1                	j	37c2 <__ssvfiscanf_r+0x1ea>
    37ec:	47a1                	li	a5,8
    37ee:	b7f9                	j	37bc <__ssvfiscanf_r+0x1e4>
    37f0:	4729                	li	a4,10
    37f2:	b7d5                	j	37d6 <__ssvfiscanf_r+0x1fe>
    37f4:	85ca                	mv	a1,s2
    37f6:	8552                	mv	a0,s4
    37f8:	2995                	jal	3c6c <__sccl>
    37fa:	10c12783          	lw	a5,268(sp)
    37fe:	892a                	mv	s2,a0
    3800:	0407e793          	ori	a5,a5,64
    3804:	10f12623          	sw	a5,268(sp)
    3808:	4785                	li	a5,1
    380a:	bf65                	j	37c2 <__ssvfiscanf_r+0x1ea>
    380c:	10c12783          	lw	a5,268(sp)
    3810:	12012223          	sw	zero,292(sp)
    3814:	0407e793          	ori	a5,a5,64
    3818:	10f12623          	sw	a5,268(sp)
    381c:	405c                	lw	a5,4(s0)
    381e:	06f05963          	blez	a5,3890 <__ssvfiscanf_r+0x2b8>
    3822:	10c12783          	lw	a5,268(sp)
    3826:	0407f793          	andi	a5,a5,64
    382a:	eb89                	bnez	a5,383c <__ssvfiscanf_r+0x264>
    382c:	401c                	lw	a5,0(s0)
    382e:	0007c703          	lbu	a4,0(a5)
    3832:	974e                	add	a4,a4,s3
    3834:	00074703          	lbu	a4,0(a4)
    3838:	8b21                	andi	a4,a4,8
    383a:	e335                	bnez	a4,389e <__ssvfiscanf_r+0x2c6>
    383c:	12412783          	lw	a5,292(sp)
    3840:	4709                	li	a4,2
    3842:	08f74263          	blt	a4,a5,38c6 <__ssvfiscanf_r+0x2ee>
    3846:	0034                	addi	a3,sp,8
    3848:	8622                	mv	a2,s0
    384a:	026c                	addi	a1,sp,268
    384c:	8526                	mv	a0,s1
    384e:	28f1                	jal	392a <_scanf_chars>
    3850:	4785                	li	a5,1
    3852:	0cf50963          	beq	a0,a5,3924 <__ssvfiscanf_r+0x34c>
    3856:	4789                	li	a5,2
    3858:	e0f516e3          	bne	a0,a5,3664 <__ssvfiscanf_r+0x8c>
    385c:	b799                	j	37a2 <__ssvfiscanf_r+0x1ca>
    385e:	4789                	li	a5,2
    3860:	b78d                	j	37c2 <__ssvfiscanf_r+0x1ea>
    3862:	10c12783          	lw	a5,268(sp)
    3866:	0107f713          	andi	a4,a5,16
    386a:	de071de3          	bnez	a4,3664 <__ssvfiscanf_r+0x8c>
    386e:	4722                	lw	a4,8(sp)
    3870:	0017f593          	andi	a1,a5,1
    3874:	11c12683          	lw	a3,284(sp)
    3878:	00470613          	addi	a2,a4,4
    387c:	c591                	beqz	a1,3888 <__ssvfiscanf_r+0x2b0>
    387e:	c432                	sw	a2,8(sp)
    3880:	431c                	lw	a5,0(a4)
    3882:	00d79023          	sh	a3,0(a5)
    3886:	bbf9                	j	3664 <__ssvfiscanf_r+0x8c>
    3888:	c432                	sw	a2,8(sp)
    388a:	431c                	lw	a5,0(a4)
    388c:	c394                	sw	a3,0(a5)
    388e:	bbd9                	j	3664 <__ssvfiscanf_r+0x8c>
    3890:	28c12783          	lw	a5,652(sp)
    3894:	85a2                	mv	a1,s0
    3896:	8526                	mv	a0,s1
    3898:	9782                	jalr	a5
    389a:	d541                	beqz	a0,3822 <__ssvfiscanf_r+0x24a>
    389c:	b719                	j	37a2 <__ssvfiscanf_r+0x1ca>
    389e:	11c12703          	lw	a4,284(sp)
    38a2:	0705                	addi	a4,a4,1
    38a4:	10e12e23          	sw	a4,284(sp)
    38a8:	4058                	lw	a4,4(s0)
    38aa:	177d                	addi	a4,a4,-1
    38ac:	c058                	sw	a4,4(s0)
    38ae:	00e05563          	blez	a4,38b8 <__ssvfiscanf_r+0x2e0>
    38b2:	0785                	addi	a5,a5,1
    38b4:	c01c                	sw	a5,0(s0)
    38b6:	bf9d                	j	382c <__ssvfiscanf_r+0x254>
    38b8:	28c12783          	lw	a5,652(sp)
    38bc:	85a2                	mv	a1,s0
    38be:	8526                	mv	a0,s1
    38c0:	9782                	jalr	a5
    38c2:	d52d                	beqz	a0,382c <__ssvfiscanf_r+0x254>
    38c4:	bdf9                	j	37a2 <__ssvfiscanf_r+0x1ca>
    38c6:	4711                	li	a4,4
    38c8:	00f74863          	blt	a4,a5,38d8 <__ssvfiscanf_r+0x300>
    38cc:	0034                	addi	a3,sp,8
    38ce:	8622                	mv	a2,s0
    38d0:	026c                	addi	a1,sp,268
    38d2:	8526                	mv	a0,s1
    38d4:	2a2d                	jal	3a0e <_scanf_i>
    38d6:	bfad                	j	3850 <__ssvfiscanf_r+0x278>
    38d8:	00000793          	li	a5,0
    38dc:	d80784e3          	beqz	a5,3664 <__ssvfiscanf_r+0x8c>
    38e0:	0034                	addi	a3,sp,8
    38e2:	8622                	mv	a2,s0
    38e4:	026c                	addi	a1,sp,268
    38e6:	8526                	mv	a0,s1
    38e8:	00000097          	auipc	ra,0x0
    38ec:	000000e7          	jalr	zero # 0 <_sinit>
    38f0:	b785                	j	3850 <__ssvfiscanf_r+0x278>
    38f2:	00c45783          	lhu	a5,12(s0)
    38f6:	0407f793          	andi	a5,a5,64
    38fa:	ea0798e3          	bnez	a5,37aa <__ssvfiscanf_r+0x1d2>
    38fe:	2ac12083          	lw	ra,684(sp)
    3902:	2a812403          	lw	s0,680(sp)
    3906:	2a412483          	lw	s1,676(sp)
    390a:	2a012903          	lw	s2,672(sp)
    390e:	29c12983          	lw	s3,668(sp)
    3912:	29812a03          	lw	s4,664(sp)
    3916:	29412a83          	lw	s5,660(sp)
    391a:	29012b03          	lw	s6,656(sp)
    391e:	2b010113          	addi	sp,sp,688
    3922:	8082                	ret
    3924:	11812503          	lw	a0,280(sp)
    3928:	bfd9                	j	38fe <__ssvfiscanf_r+0x326>

0000392a <_scanf_chars>:
    392a:	459c                	lw	a5,8(a1)
    392c:	7179                	addi	sp,sp,-48
    392e:	d422                	sw	s0,40(sp)
    3930:	d226                	sw	s1,36(sp)
    3932:	cc52                	sw	s4,24(sp)
    3934:	d606                	sw	ra,44(sp)
    3936:	d04a                	sw	s2,32(sp)
    3938:	ce4e                	sw	s3,28(sp)
    393a:	ca56                	sw	s5,20(sp)
    393c:	c85a                	sw	s6,16(sp)
    393e:	c65e                	sw	s7,12(sp)
    3940:	8a2a                	mv	s4,a0
    3942:	842e                	mv	s0,a1
    3944:	84b2                	mv	s1,a2
    3946:	e791                	bnez	a5,3952 <_scanf_chars+0x28>
    3948:	4d98                	lw	a4,24(a1)
    394a:	57fd                	li	a5,-1
    394c:	e311                	bnez	a4,3950 <_scanf_chars+0x26>
    394e:	4785                	li	a5,1
    3950:	c41c                	sw	a5,8(s0)
    3952:	401c                	lw	a5,0(s0)
    3954:	8bc1                	andi	a5,a5,16
    3956:	e799                	bnez	a5,3964 <_scanf_chars+0x3a>
    3958:	429c                	lw	a5,0(a3)
    395a:	00478713          	addi	a4,a5,4
    395e:	c298                	sw	a4,0(a3)
    3960:	0007a983          	lw	s3,0(a5)
    3964:	4901                	li	s2,0
    3966:	4b05                	li	s6,1
    3968:	4b89                	li	s7,2
    396a:	00001a97          	auipc	s5,0x1
    396e:	d4fa8a93          	addi	s5,s5,-689 # 46b9 <_ctype_+0x1>
    3972:	4c08                	lw	a0,24(s0)
    3974:	c905                	beqz	a0,39a4 <_scanf_chars+0x7a>
    3976:	01651d63          	bne	a0,s6,3990 <_scanf_chars+0x66>
    397a:	409c                	lw	a5,0(s1)
    397c:	0007c703          	lbu	a4,0(a5)
    3980:	485c                	lw	a5,20(s0)
    3982:	97ba                	add	a5,a5,a4
    3984:	0007c783          	lbu	a5,0(a5)
    3988:	ef91                	bnez	a5,39a4 <_scanf_chars+0x7a>
    398a:	06090763          	beqz	s2,39f8 <_scanf_chars+0xce>
    398e:	a0b9                	j	39dc <_scanf_chars+0xb2>
    3990:	05751663          	bne	a0,s7,39dc <_scanf_chars+0xb2>
    3994:	409c                	lw	a5,0(s1)
    3996:	0007c783          	lbu	a5,0(a5)
    399a:	97d6                	add	a5,a5,s5
    399c:	0007c783          	lbu	a5,0(a5)
    39a0:	8ba1                	andi	a5,a5,8
    39a2:	ef8d                	bnez	a5,39dc <_scanf_chars+0xb2>
    39a4:	401c                	lw	a5,0(s0)
    39a6:	0905                	addi	s2,s2,1
    39a8:	8bc1                	andi	a5,a5,16
    39aa:	e799                	bnez	a5,39b8 <_scanf_chars+0x8e>
    39ac:	409c                	lw	a5,0(s1)
    39ae:	0985                	addi	s3,s3,1
    39b0:	0007c783          	lbu	a5,0(a5)
    39b4:	fef98fa3          	sb	a5,-1(s3)
    39b8:	4098                	lw	a4,0(s1)
    39ba:	40dc                	lw	a5,4(s1)
    39bc:	0705                	addi	a4,a4,1
    39be:	c098                	sw	a4,0(s1)
    39c0:	4418                	lw	a4,8(s0)
    39c2:	17fd                	addi	a5,a5,-1
    39c4:	c0dc                	sw	a5,4(s1)
    39c6:	177d                	addi	a4,a4,-1
    39c8:	c418                	sw	a4,8(s0)
    39ca:	cb09                	beqz	a4,39dc <_scanf_chars+0xb2>
    39cc:	faf043e3          	bgtz	a5,3972 <_scanf_chars+0x48>
    39d0:	18042783          	lw	a5,384(s0)
    39d4:	85a6                	mv	a1,s1
    39d6:	8552                	mv	a0,s4
    39d8:	9782                	jalr	a5
    39da:	dd41                	beqz	a0,3972 <_scanf_chars+0x48>
    39dc:	401c                	lw	a5,0(s0)
    39de:	8bc1                	andi	a5,a5,16
    39e0:	eb81                	bnez	a5,39f0 <_scanf_chars+0xc6>
    39e2:	445c                	lw	a5,12(s0)
    39e4:	0785                	addi	a5,a5,1
    39e6:	c45c                	sw	a5,12(s0)
    39e8:	4c1c                	lw	a5,24(s0)
    39ea:	c399                	beqz	a5,39f0 <_scanf_chars+0xc6>
    39ec:	00098023          	sb	zero,0(s3)
    39f0:	481c                	lw	a5,16(s0)
    39f2:	4501                	li	a0,0
    39f4:	97ca                	add	a5,a5,s2
    39f6:	c81c                	sw	a5,16(s0)
    39f8:	50b2                	lw	ra,44(sp)
    39fa:	5422                	lw	s0,40(sp)
    39fc:	5492                	lw	s1,36(sp)
    39fe:	5902                	lw	s2,32(sp)
    3a00:	49f2                	lw	s3,28(sp)
    3a02:	4a62                	lw	s4,24(sp)
    3a04:	4ad2                	lw	s5,20(sp)
    3a06:	4b42                	lw	s6,16(sp)
    3a08:	4bb2                	lw	s7,12(sp)
    3a0a:	6145                	addi	sp,sp,48
    3a0c:	8082                	ret

00003a0e <_scanf_i>:
    3a0e:	711d                	addi	sp,sp,-96
    3a10:	00001797          	auipc	a5,0x1
    3a14:	c8878793          	addi	a5,a5,-888 # 4698 <MyDevDescr+0x124>
    3a18:	ca3e                	sw	a5,20(sp)
    3a1a:	4d98                	lw	a4,24(a1)
    3a1c:	00001797          	auipc	a5,0x1
    3a20:	c8078793          	addi	a5,a5,-896 # 469c <MyDevDescr+0x128>
    3a24:	cc3e                	sw	a5,24(sp)
    3a26:	00001797          	auipc	a5,0x1
    3a2a:	c7a78793          	addi	a5,a5,-902 # 46a0 <MyDevDescr+0x12c>
    3a2e:	cca2                	sw	s0,88(sp)
    3a30:	c8ca                	sw	s2,80(sp)
    3a32:	c6ce                	sw	s3,76(sp)
    3a34:	dc62                	sw	s8,56(sp)
    3a36:	ce3e                	sw	a5,28(sp)
    3a38:	ce86                	sw	ra,92(sp)
    3a3a:	caa6                	sw	s1,84(sp)
    3a3c:	c4d2                	sw	s4,72(sp)
    3a3e:	c2d6                	sw	s5,68(sp)
    3a40:	c0da                	sw	s6,64(sp)
    3a42:	de5e                	sw	s7,60(sp)
    3a44:	da66                	sw	s9,52(sp)
    3a46:	d86a                	sw	s10,48(sp)
    3a48:	d66e                	sw	s11,44(sp)
    3a4a:	c62a                	sw	a0,12(sp)
    3a4c:	478d                	li	a5,3
    3a4e:	842e                	mv	s0,a1
    3a50:	8932                	mv	s2,a2
    3a52:	89b6                	mv	s3,a3
    3a54:	00000c17          	auipc	s8,0x0
    3a58:	408c0c13          	addi	s8,s8,1032 # 3e5c <_strtol_r>
    3a5c:	00f70663          	beq	a4,a5,3a68 <_scanf_i+0x5a>
    3a60:	00000c17          	auipc	s8,0x0
    3a64:	516c0c13          	addi	s8,s8,1302 # 3f76 <_strtoul_r>
    3a68:	441c                	lw	a5,8(s0)
    3a6a:	15c00713          	li	a4,348
    3a6e:	4b81                	li	s7,0
    3a70:	fff78693          	addi	a3,a5,-1
    3a74:	00d77763          	bgeu	a4,a3,3a82 <_scanf_i+0x74>
    3a78:	ea378b93          	addi	s7,a5,-349
    3a7c:	15d00793          	li	a5,349
    3a80:	c41c                	sw	a5,8(s0)
    3a82:	401c                	lw	a5,0(s0)
    3a84:	6705                	lui	a4,0x1
    3a86:	d0070713          	addi	a4,a4,-768 # d00 <_highcode_lma+0xaf4>
    3a8a:	01c40a93          	addi	s5,s0,28
    3a8e:	8fd9                	or	a5,a5,a4
    3a90:	c01c                	sw	a5,0(s0)
    3a92:	01410a13          	addi	s4,sp,20
    3a96:	8cd6                	mv	s9,s5
    3a98:	4b01                	li	s6,0
    3a9a:	4d85                	li	s11,1
    3a9c:	4d0d                	li	s10,3
    3a9e:	00092783          	lw	a5,0(s2)
    3aa2:	000a2503          	lw	a0,0(s4)
    3aa6:	4609                	li	a2,2
    3aa8:	0007c583          	lbu	a1,0(a5)
    3aac:	238d                	jal	400e <memchr>
    3aae:	cd39                	beqz	a0,3b0c <_scanf_i+0xfe>
    3ab0:	0dbb1e63          	bne	s6,s11,3b8c <_scanf_i+0x17e>
    3ab4:	405c                	lw	a5,4(s0)
    3ab6:	e799                	bnez	a5,3ac4 <_scanf_i+0xb6>
    3ab8:	401c                	lw	a5,0(s0)
    3aba:	46a1                	li	a3,8
    3abc:	c054                	sw	a3,4(s0)
    3abe:	2007e793          	ori	a5,a5,512
    3ac2:	c01c                	sw	a5,0(s0)
    3ac4:	401c                	lw	a5,0(s0)
    3ac6:	aff7f793          	andi	a5,a5,-1281
    3aca:	c01c                	sw	a5,0(s0)
    3acc:	441c                	lw	a5,8(s0)
    3ace:	fff78693          	addi	a3,a5,-1
    3ad2:	c414                	sw	a3,8(s0)
    3ad4:	cf85                	beqz	a5,3b0c <_scanf_i+0xfe>
    3ad6:	00092783          	lw	a5,0(s2)
    3ada:	001c8493          	addi	s1,s9,1
    3ade:	00178693          	addi	a3,a5,1
    3ae2:	00d92023          	sw	a3,0(s2)
    3ae6:	0007c783          	lbu	a5,0(a5)
    3aea:	00fc8023          	sb	a5,0(s9)
    3aee:	00492783          	lw	a5,4(s2)
    3af2:	17fd                	addi	a5,a5,-1
    3af4:	00f92223          	sw	a5,4(s2)
    3af8:	00f04963          	bgtz	a5,3b0a <_scanf_i+0xfc>
    3afc:	18042783          	lw	a5,384(s0)
    3b00:	4532                	lw	a0,12(sp)
    3b02:	85ca                	mv	a1,s2
    3b04:	9782                	jalr	a5
    3b06:	10051b63          	bnez	a0,3c1c <_scanf_i+0x20e>
    3b0a:	8ca6                	mv	s9,s1
    3b0c:	0b05                	addi	s6,s6,1
    3b0e:	0a11                	addi	s4,s4,4
    3b10:	f9ab17e3          	bne	s6,s10,3a9e <_scanf_i+0x90>
    3b14:	405c                	lw	a5,4(s0)
    3b16:	e399                	bnez	a5,3b1c <_scanf_i+0x10e>
    3b18:	47a9                	li	a5,10
    3b1a:	c05c                	sw	a5,4(s0)
    3b1c:	405c                	lw	a5,4(s0)
    3b1e:	4848                	lw	a0,20(s0)
    3b20:	00001597          	auipc	a1,0x1
    3b24:	b9458593          	addi	a1,a1,-1132 # 46b4 <MyDevDescr+0x140>
    3b28:	8d9d                	sub	a1,a1,a5
    3b2a:	84e6                	mv	s1,s9
    3b2c:	7cfd                	lui	s9,0xfffff
    3b2e:	2a3d                	jal	3c6c <__sccl>
    3b30:	4b01                	li	s6,0
    3b32:	03000d13          	li	s10,48
    3b36:	6ffc8c93          	addi	s9,s9,1791 # fffff6ff <_eusrstack+0xdffdf6ff>
    3b3a:	28b01d93          	bseti	s11,zero,0xb
    3b3e:	441c                	lw	a5,8(s0)
    3b40:	4018                	lw	a4,0(s0)
    3b42:	c3d9                	beqz	a5,3bc8 <_scanf_i+0x1ba>
    3b44:	00092603          	lw	a2,0(s2)
    3b48:	4854                	lw	a3,20(s0)
    3b4a:	00064583          	lbu	a1,0(a2)
    3b4e:	96ae                	add	a3,a3,a1
    3b50:	0006c683          	lbu	a3,0(a3)
    3b54:	cab5                	beqz	a3,3bc8 <_scanf_i+0x1ba>
    3b56:	05a59a63          	bne	a1,s10,3baa <_scanf_i+0x19c>
    3b5a:	01b776b3          	and	a3,a4,s11
    3b5e:	c6b1                	beqz	a3,3baa <_scanf_i+0x19c>
    3b60:	0b05                	addi	s6,s6,1
    3b62:	000b8563          	beqz	s7,3b6c <_scanf_i+0x15e>
    3b66:	0785                	addi	a5,a5,1
    3b68:	1bfd                	addi	s7,s7,-1
    3b6a:	c41c                	sw	a5,8(s0)
    3b6c:	00492783          	lw	a5,4(s2)
    3b70:	17fd                	addi	a5,a5,-1
    3b72:	00f92223          	sw	a5,4(s2)
    3b76:	04f05363          	blez	a5,3bbc <_scanf_i+0x1ae>
    3b7a:	00092783          	lw	a5,0(s2)
    3b7e:	0785                	addi	a5,a5,1
    3b80:	00f92023          	sw	a5,0(s2)
    3b84:	441c                	lw	a5,8(s0)
    3b86:	17fd                	addi	a5,a5,-1
    3b88:	c41c                	sw	a5,8(s0)
    3b8a:	bf55                	j	3b3e <_scanf_i+0x130>
    3b8c:	4789                	li	a5,2
    3b8e:	f2fb1fe3          	bne	s6,a5,3acc <_scanf_i+0xbe>
    3b92:	401c                	lw	a5,0(s0)
    3b94:	20000693          	li	a3,512
    3b98:	6007f613          	andi	a2,a5,1536
    3b9c:	f6d61ce3          	bne	a2,a3,3b14 <_scanf_i+0x106>
    3ba0:	46c1                	li	a3,16
    3ba2:	c054                	sw	a3,4(s0)
    3ba4:	1007e793          	ori	a5,a5,256
    3ba8:	b70d                	j	3aca <_scanf_i+0xbc>
    3baa:	01977733          	and	a4,a4,s9
    3bae:	c018                	sw	a4,0(s0)
    3bb0:	00064783          	lbu	a5,0(a2)
    3bb4:	0485                	addi	s1,s1,1
    3bb6:	fef48fa3          	sb	a5,-1(s1)
    3bba:	bf4d                	j	3b6c <_scanf_i+0x15e>
    3bbc:	18042783          	lw	a5,384(s0)
    3bc0:	4532                	lw	a0,12(sp)
    3bc2:	85ca                	mv	a1,s2
    3bc4:	9782                	jalr	a5
    3bc6:	dd5d                	beqz	a0,3b84 <_scanf_i+0x176>
    3bc8:	401c                	lw	a5,0(s0)
    3bca:	1007f793          	andi	a5,a5,256
    3bce:	c385                	beqz	a5,3bee <_scanf_i+0x1e0>
    3bd0:	009afc63          	bgeu	s5,s1,3be8 <_scanf_i+0x1da>
    3bd4:	fff4c583          	lbu	a1,-1(s1)
    3bd8:	17c42783          	lw	a5,380(s0)
    3bdc:	4532                	lw	a0,12(sp)
    3bde:	fff48b93          	addi	s7,s1,-1
    3be2:	864a                	mv	a2,s2
    3be4:	9782                	jalr	a5
    3be6:	84de                	mv	s1,s7
    3be8:	4505                	li	a0,1
    3bea:	05548f63          	beq	s1,s5,3c48 <_scanf_i+0x23a>
    3bee:	401c                	lw	a5,0(s0)
    3bf0:	8bc1                	andi	a5,a5,16
    3bf2:	e7a1                	bnez	a5,3c3a <_scanf_i+0x22c>
    3bf4:	00048023          	sb	zero,0(s1)
    3bf8:	4054                	lw	a3,4(s0)
    3bfa:	4532                	lw	a0,12(sp)
    3bfc:	4601                	li	a2,0
    3bfe:	85d6                	mv	a1,s5
    3c00:	9c02                	jalr	s8
    3c02:	4018                	lw	a4,0(s0)
    3c04:	0009a783          	lw	a5,0(s3)
    3c08:	02077693          	andi	a3,a4,32
    3c0c:	ca91                	beqz	a3,3c20 <_scanf_i+0x212>
    3c0e:	00478713          	addi	a4,a5,4
    3c12:	00e9a023          	sw	a4,0(s3)
    3c16:	439c                	lw	a5,0(a5)
    3c18:	c388                	sw	a0,0(a5)
    3c1a:	a829                	j	3c34 <_scanf_i+0x226>
    3c1c:	4b01                	li	s6,0
    3c1e:	b76d                	j	3bc8 <_scanf_i+0x1ba>
    3c20:	00177613          	andi	a2,a4,1
    3c24:	00478693          	addi	a3,a5,4
    3c28:	ce1d                	beqz	a2,3c66 <_scanf_i+0x258>
    3c2a:	00d9a023          	sw	a3,0(s3)
    3c2e:	439c                	lw	a5,0(a5)
    3c30:	00a79023          	sh	a0,0(a5)
    3c34:	445c                	lw	a5,12(s0)
    3c36:	0785                	addi	a5,a5,1
    3c38:	c45c                	sw	a5,12(s0)
    3c3a:	481c                	lw	a5,16(s0)
    3c3c:	415484b3          	sub	s1,s1,s5
    3c40:	94da                	add	s1,s1,s6
    3c42:	97a6                	add	a5,a5,s1
    3c44:	c81c                	sw	a5,16(s0)
    3c46:	4501                	li	a0,0
    3c48:	40f6                	lw	ra,92(sp)
    3c4a:	4466                	lw	s0,88(sp)
    3c4c:	44d6                	lw	s1,84(sp)
    3c4e:	4946                	lw	s2,80(sp)
    3c50:	49b6                	lw	s3,76(sp)
    3c52:	4a26                	lw	s4,72(sp)
    3c54:	4a96                	lw	s5,68(sp)
    3c56:	4b06                	lw	s6,64(sp)
    3c58:	5bf2                	lw	s7,60(sp)
    3c5a:	5c62                	lw	s8,56(sp)
    3c5c:	5cd2                	lw	s9,52(sp)
    3c5e:	5d42                	lw	s10,48(sp)
    3c60:	5db2                	lw	s11,44(sp)
    3c62:	6125                	addi	sp,sp,96
    3c64:	8082                	ret
    3c66:	00d9a023          	sw	a3,0(s3)
    3c6a:	b775                	j	3c16 <_scanf_i+0x208>

00003c6c <__sccl>:
    3c6c:	0005c783          	lbu	a5,0(a1)
    3c70:	05e00713          	li	a4,94
    3c74:	882a                	mv	a6,a0
    3c76:	02e78363          	beq	a5,a4,3c9c <__sccl+0x30>
    3c7a:	00158613          	addi	a2,a1,1
    3c7e:	4701                	li	a4,0
    3c80:	4681                	li	a3,0
    3c82:	10000593          	li	a1,256
    3c86:	00d80533          	add	a0,a6,a3
    3c8a:	00e50023          	sb	a4,0(a0)
    3c8e:	0685                	addi	a3,a3,1
    3c90:	feb69be3          	bne	a3,a1,3c86 <__sccl+0x1a>
    3c94:	eb91                	bnez	a5,3ca8 <__sccl+0x3c>
    3c96:	fff60513          	addi	a0,a2,-1
    3c9a:	8082                	ret
    3c9c:	0015c783          	lbu	a5,1(a1)
    3ca0:	00258613          	addi	a2,a1,2
    3ca4:	4705                	li	a4,1
    3ca6:	bfe9                	j	3c80 <__sccl+0x14>
    3ca8:	00174693          	xori	a3,a4,1
    3cac:	02d00893          	li	a7,45
    3cb0:	05d00313          	li	t1,93
    3cb4:	00f80733          	add	a4,a6,a5
    3cb8:	00d70023          	sb	a3,0(a4)
    3cbc:	8532                	mv	a0,a2
    3cbe:	00054703          	lbu	a4,0(a0)
    3cc2:	00150613          	addi	a2,a0,1
    3cc6:	01170b63          	beq	a4,a7,3cdc <__sccl+0x70>
    3cca:	04670563          	beq	a4,t1,3d14 <__sccl+0xa8>
    3cce:	e311                	bnez	a4,3cd2 <__sccl+0x66>
    3cd0:	8082                	ret
    3cd2:	87ba                	mv	a5,a4
    3cd4:	b7c5                	j	3cb4 <__sccl+0x48>
    3cd6:	02d00793          	li	a5,45
    3cda:	bfe9                	j	3cb4 <__sccl+0x48>
    3cdc:	00154703          	lbu	a4,1(a0)
    3ce0:	05d00593          	li	a1,93
    3ce4:	feb709e3          	beq	a4,a1,3cd6 <__sccl+0x6a>
    3ce8:	fef747e3          	blt	a4,a5,3cd6 <__sccl+0x6a>
    3cec:	0509                	addi	a0,a0,2
    3cee:	863e                	mv	a2,a5
    3cf0:	0605                	addi	a2,a2,1
    3cf2:	00c805b3          	add	a1,a6,a2
    3cf6:	00d58023          	sb	a3,0(a1)
    3cfa:	fee64be3          	blt	a2,a4,3cf0 <__sccl+0x84>
    3cfe:	00178593          	addi	a1,a5,1
    3d02:	4601                	li	a2,0
    3d04:	00e7d563          	bge	a5,a4,3d0e <__sccl+0xa2>
    3d08:	8f1d                	sub	a4,a4,a5
    3d0a:	fff70613          	addi	a2,a4,-1
    3d0e:	00c587b3          	add	a5,a1,a2
    3d12:	b775                	j	3cbe <__sccl+0x52>
    3d14:	8532                	mv	a0,a2
    3d16:	8082                	ret

00003d18 <_strtol_l.constprop.0>:
    3d18:	1141                	addi	sp,sp,-16
    3d1a:	c606                	sw	ra,12(sp)
    3d1c:	c422                	sw	s0,8(sp)
    3d1e:	02400793          	li	a5,36
    3d22:	00d7eb63          	bltu	a5,a3,3d38 <_strtol_l.constprop.0+0x20>
    3d26:	4705                	li	a4,1
    3d28:	8f2a                	mv	t5,a0
    3d2a:	87ae                	mv	a5,a1
    3d2c:	00001317          	auipc	t1,0x1
    3d30:	98d30313          	addi	t1,t1,-1651 # 46b9 <_ctype_+0x1>
    3d34:	00e69a63          	bne	a3,a4,3d48 <_strtol_l.constprop.0+0x30>
    3d38:	24e1                	jal	4000 <__errno>
    3d3a:	47d9                	li	a5,22
    3d3c:	c11c                	sw	a5,0(a0)
    3d3e:	4501                	li	a0,0
    3d40:	40b2                	lw	ra,12(sp)
    3d42:	4422                	lw	s0,8(sp)
    3d44:	0141                	addi	sp,sp,16
    3d46:	8082                	ret
    3d48:	88be                	mv	a7,a5
    3d4a:	0007c703          	lbu	a4,0(a5)
    3d4e:	0785                	addi	a5,a5,1
    3d50:	00670533          	add	a0,a4,t1
    3d54:	00054803          	lbu	a6,0(a0)
    3d58:	00887813          	andi	a6,a6,8
    3d5c:	fe0816e3          	bnez	a6,3d48 <_strtol_l.constprop.0+0x30>
    3d60:	02d00513          	li	a0,45
    3d64:	06a71263          	bne	a4,a0,3dc8 <_strtol_l.constprop.0+0xb0>
    3d68:	0007c703          	lbu	a4,0(a5)
    3d6c:	4f85                	li	t6,1
    3d6e:	00288793          	addi	a5,a7,2
    3d72:	e6ad                	bnez	a3,3ddc <_strtol_l.constprop.0+0xc4>
    3d74:	03000693          	li	a3,48
    3d78:	08d70663          	beq	a4,a3,3e04 <_strtol_l.constprop.0+0xec>
    3d7c:	46a9                	li	a3,10
    3d7e:	800008b7          	lui	a7,0x80000
    3d82:	18fd                	addi	a7,a7,-1 # 7fffffff <_eusrstack+0x5ffdffff>
    3d84:	98fe                	add	a7,a7,t6
    3d86:	02d8f2b3          	remu	t0,a7,a3
    3d8a:	4301                	li	t1,0
    3d8c:	4501                	li	a0,0
    3d8e:	43a5                	li	t2,9
    3d90:	4ee5                	li	t4,25
    3d92:	547d                	li	s0,-1
    3d94:	02d8de33          	divu	t3,a7,a3
    3d98:	fd070813          	addi	a6,a4,-48
    3d9c:	0703ec63          	bltu	t2,a6,3e14 <_strtol_l.constprop.0+0xfc>
    3da0:	8742                	mv	a4,a6
    3da2:	08d75763          	bge	a4,a3,3e30 <_strtol_l.constprop.0+0x118>
    3da6:	00830d63          	beq	t1,s0,3dc0 <_strtol_l.constprop.0+0xa8>
    3daa:	537d                	li	t1,-1
    3dac:	00ae6a63          	bltu	t3,a0,3dc0 <_strtol_l.constprop.0+0xa8>
    3db0:	00ae1463          	bne	t3,a0,3db8 <_strtol_l.constprop.0+0xa0>
    3db4:	00e2c663          	blt	t0,a4,3dc0 <_strtol_l.constprop.0+0xa8>
    3db8:	4305                	li	t1,1
    3dba:	02a68533          	mul	a0,a3,a0
    3dbe:	953a                	add	a0,a0,a4
    3dc0:	0785                	addi	a5,a5,1
    3dc2:	fff7c703          	lbu	a4,-1(a5)
    3dc6:	bfc9                	j	3d98 <_strtol_l.constprop.0+0x80>
    3dc8:	02b00513          	li	a0,43
    3dcc:	4f81                	li	t6,0
    3dce:	faa712e3          	bne	a4,a0,3d72 <_strtol_l.constprop.0+0x5a>
    3dd2:	0007c703          	lbu	a4,0(a5)
    3dd6:	00288793          	addi	a5,a7,2
    3dda:	bf61                	j	3d72 <_strtol_l.constprop.0+0x5a>
    3ddc:	4541                	li	a0,16
    3dde:	faa690e3          	bne	a3,a0,3d7e <_strtol_l.constprop.0+0x66>
    3de2:	03000513          	li	a0,48
    3de6:	f8a71ce3          	bne	a4,a0,3d7e <_strtol_l.constprop.0+0x66>
    3dea:	0007c803          	lbu	a6,0(a5)
    3dee:	05800513          	li	a0,88
    3df2:	0df87813          	andi	a6,a6,223
    3df6:	f8a814e3          	bne	a6,a0,3d7e <_strtol_l.constprop.0+0x66>
    3dfa:	0017c703          	lbu	a4,1(a5)
    3dfe:	46c1                	li	a3,16
    3e00:	0789                	addi	a5,a5,2
    3e02:	bfb5                	j	3d7e <_strtol_l.constprop.0+0x66>
    3e04:	0007c803          	lbu	a6,0(a5)
    3e08:	05800513          	li	a0,88
    3e0c:	46a1                	li	a3,8
    3e0e:	0df87813          	andi	a6,a6,223
    3e12:	b7d5                	j	3df6 <_strtol_l.constprop.0+0xde>
    3e14:	fbf70813          	addi	a6,a4,-65
    3e18:	010ee563          	bltu	t4,a6,3e22 <_strtol_l.constprop.0+0x10a>
    3e1c:	fc970713          	addi	a4,a4,-55
    3e20:	b749                	j	3da2 <_strtol_l.constprop.0+0x8a>
    3e22:	f9f70813          	addi	a6,a4,-97
    3e26:	010ee563          	bltu	t4,a6,3e30 <_strtol_l.constprop.0+0x118>
    3e2a:	fa970713          	addi	a4,a4,-87
    3e2e:	bf95                	j	3da2 <_strtol_l.constprop.0+0x8a>
    3e30:	577d                	li	a4,-1
    3e32:	00e31b63          	bne	t1,a4,3e48 <_strtol_l.constprop.0+0x130>
    3e36:	02200713          	li	a4,34
    3e3a:	00ef2023          	sw	a4,0(t5)
    3e3e:	8546                	mv	a0,a7
    3e40:	d201                	beqz	a2,3d40 <_strtol_l.constprop.0+0x28>
    3e42:	fff78593          	addi	a1,a5,-1
    3e46:	a809                	j	3e58 <_strtol_l.constprop.0+0x140>
    3e48:	000f8463          	beqz	t6,3e50 <_strtol_l.constprop.0+0x138>
    3e4c:	40a00533          	neg	a0,a0
    3e50:	ee0608e3          	beqz	a2,3d40 <_strtol_l.constprop.0+0x28>
    3e54:	fe0317e3          	bnez	t1,3e42 <_strtol_l.constprop.0+0x12a>
    3e58:	c20c                	sw	a1,0(a2)
    3e5a:	b5dd                	j	3d40 <_strtol_l.constprop.0+0x28>

00003e5c <_strtol_r>:
    3e5c:	bd75                	j	3d18 <_strtol_l.constprop.0>

00003e5e <_strtoul_l.constprop.0>:
    3e5e:	8f2a                	mv	t5,a0
    3e60:	87ae                	mv	a5,a1
    3e62:	00001317          	auipc	t1,0x1
    3e66:	85730313          	addi	t1,t1,-1961 # 46b9 <_ctype_+0x1>
    3e6a:	88be                	mv	a7,a5
    3e6c:	0007c703          	lbu	a4,0(a5)
    3e70:	0785                	addi	a5,a5,1
    3e72:	00670533          	add	a0,a4,t1
    3e76:	00054803          	lbu	a6,0(a0)
    3e7a:	00887813          	andi	a6,a6,8
    3e7e:	fe0816e3          	bnez	a6,3e6a <_strtoul_l.constprop.0+0xc>
    3e82:	02d00513          	li	a0,45
    3e86:	04a71f63          	bne	a4,a0,3ee4 <_strtoul_l.constprop.0+0x86>
    3e8a:	0007c703          	lbu	a4,0(a5)
    3e8e:	4f85                	li	t6,1
    3e90:	00288793          	addi	a5,a7,2
    3e94:	e2b5                	bnez	a3,3ef8 <_strtoul_l.constprop.0+0x9a>
    3e96:	03000693          	li	a3,48
    3e9a:	08d70363          	beq	a4,a3,3f20 <_strtoul_l.constprop.0+0xc2>
    3e9e:	46a9                	li	a3,10
    3ea0:	587d                	li	a6,-1
    3ea2:	02d85e33          	divu	t3,a6,a3
    3ea6:	4881                	li	a7,0
    3ea8:	4501                	li	a0,0
    3eaa:	42a5                	li	t0,9
    3eac:	4ee5                	li	t4,25
    3eae:	53fd                	li	t2,-1
    3eb0:	02d87333          	remu	t1,a6,a3
    3eb4:	fd070813          	addi	a6,a4,-48
    3eb8:	0702ec63          	bltu	t0,a6,3f30 <_strtoul_l.constprop.0+0xd2>
    3ebc:	8742                	mv	a4,a6
    3ebe:	08d75763          	bge	a4,a3,3f4c <_strtoul_l.constprop.0+0xee>
    3ec2:	00788d63          	beq	a7,t2,3edc <_strtoul_l.constprop.0+0x7e>
    3ec6:	58fd                	li	a7,-1
    3ec8:	00ae6a63          	bltu	t3,a0,3edc <_strtoul_l.constprop.0+0x7e>
    3ecc:	00ae1463          	bne	t3,a0,3ed4 <_strtoul_l.constprop.0+0x76>
    3ed0:	00e34663          	blt	t1,a4,3edc <_strtoul_l.constprop.0+0x7e>
    3ed4:	4885                	li	a7,1
    3ed6:	02a68533          	mul	a0,a3,a0
    3eda:	953a                	add	a0,a0,a4
    3edc:	0785                	addi	a5,a5,1
    3ede:	fff7c703          	lbu	a4,-1(a5)
    3ee2:	bfc9                	j	3eb4 <_strtoul_l.constprop.0+0x56>
    3ee4:	02b00513          	li	a0,43
    3ee8:	4f81                	li	t6,0
    3eea:	faa715e3          	bne	a4,a0,3e94 <_strtoul_l.constprop.0+0x36>
    3eee:	0007c703          	lbu	a4,0(a5)
    3ef2:	00288793          	addi	a5,a7,2
    3ef6:	bf79                	j	3e94 <_strtoul_l.constprop.0+0x36>
    3ef8:	4541                	li	a0,16
    3efa:	faa693e3          	bne	a3,a0,3ea0 <_strtoul_l.constprop.0+0x42>
    3efe:	03000513          	li	a0,48
    3f02:	f8a71fe3          	bne	a4,a0,3ea0 <_strtoul_l.constprop.0+0x42>
    3f06:	0007c803          	lbu	a6,0(a5)
    3f0a:	05800513          	li	a0,88
    3f0e:	0df87813          	andi	a6,a6,223
    3f12:	f8a817e3          	bne	a6,a0,3ea0 <_strtoul_l.constprop.0+0x42>
    3f16:	0017c703          	lbu	a4,1(a5)
    3f1a:	46c1                	li	a3,16
    3f1c:	0789                	addi	a5,a5,2
    3f1e:	b749                	j	3ea0 <_strtoul_l.constprop.0+0x42>
    3f20:	0007c803          	lbu	a6,0(a5)
    3f24:	05800513          	li	a0,88
    3f28:	46a1                	li	a3,8
    3f2a:	0df87813          	andi	a6,a6,223
    3f2e:	b7d5                	j	3f12 <_strtoul_l.constprop.0+0xb4>
    3f30:	fbf70813          	addi	a6,a4,-65
    3f34:	010ee563          	bltu	t4,a6,3f3e <_strtoul_l.constprop.0+0xe0>
    3f38:	fc970713          	addi	a4,a4,-55
    3f3c:	b749                	j	3ebe <_strtoul_l.constprop.0+0x60>
    3f3e:	f9f70813          	addi	a6,a4,-97
    3f42:	010ee563          	bltu	t4,a6,3f4c <_strtoul_l.constprop.0+0xee>
    3f46:	fa970713          	addi	a4,a4,-87
    3f4a:	bf95                	j	3ebe <_strtoul_l.constprop.0+0x60>
    3f4c:	577d                	li	a4,-1
    3f4e:	00e89963          	bne	a7,a4,3f60 <_strtoul_l.constprop.0+0x102>
    3f52:	02200713          	li	a4,34
    3f56:	00ef2023          	sw	a4,0(t5)
    3f5a:	557d                	li	a0,-1
    3f5c:	ea09                	bnez	a2,3f6e <_strtoul_l.constprop.0+0x110>
    3f5e:	8082                	ret
    3f60:	000f8463          	beqz	t6,3f68 <_strtoul_l.constprop.0+0x10a>
    3f64:	40a00533          	neg	a0,a0
    3f68:	c611                	beqz	a2,3f74 <_strtoul_l.constprop.0+0x116>
    3f6a:	00088463          	beqz	a7,3f72 <_strtoul_l.constprop.0+0x114>
    3f6e:	fff78593          	addi	a1,a5,-1
    3f72:	c20c                	sw	a1,0(a2)
    3f74:	8082                	ret

00003f76 <_strtoul_r>:
    3f76:	b5e5                	j	3e5e <_strtoul_l.constprop.0>

00003f78 <__submore>:
    3f78:	1101                	addi	sp,sp,-32
    3f7a:	cc22                	sw	s0,24(sp)
    3f7c:	842e                	mv	s0,a1
    3f7e:	59cc                	lw	a1,52(a1)
    3f80:	ce06                	sw	ra,28(sp)
    3f82:	ca26                	sw	s1,20(sp)
    3f84:	c84a                	sw	s2,16(sp)
    3f86:	c64e                	sw	s3,12(sp)
    3f88:	c452                	sw	s4,8(sp)
    3f8a:	04440793          	addi	a5,s0,68
    3f8e:	04f59463          	bne	a1,a5,3fd6 <__submore+0x5e>
    3f92:	40000593          	li	a1,1024
    3f96:	2251                	jal	411a <_malloc_r>
    3f98:	e911                	bnez	a0,3fac <__submore+0x34>
    3f9a:	557d                	li	a0,-1
    3f9c:	40f2                	lw	ra,28(sp)
    3f9e:	4462                	lw	s0,24(sp)
    3fa0:	44d2                	lw	s1,20(sp)
    3fa2:	4942                	lw	s2,16(sp)
    3fa4:	49b2                	lw	s3,12(sp)
    3fa6:	4a22                	lw	s4,8(sp)
    3fa8:	6105                	addi	sp,sp,32
    3faa:	8082                	ret
    3fac:	40000793          	li	a5,1024
    3fb0:	dc1c                	sw	a5,56(s0)
    3fb2:	04644783          	lbu	a5,70(s0)
    3fb6:	d848                	sw	a0,52(s0)
    3fb8:	3fd50513          	addi	a0,a0,1021
    3fbc:	00f50123          	sb	a5,2(a0)
    3fc0:	04544783          	lbu	a5,69(s0)
    3fc4:	00f500a3          	sb	a5,1(a0)
    3fc8:	04444783          	lbu	a5,68(s0)
    3fcc:	00f50023          	sb	a5,0(a0)
    3fd0:	c008                	sw	a0,0(s0)
    3fd2:	4501                	li	a0,0
    3fd4:	b7e1                	j	3f9c <__submore+0x24>
    3fd6:	03842903          	lw	s2,56(s0)
    3fda:	00191993          	slli	s3,s2,0x1
    3fde:	864e                	mv	a2,s3
    3fe0:	2c35                	jal	421c <_realloc_r>
    3fe2:	84aa                	mv	s1,a0
    3fe4:	d95d                	beqz	a0,3f9a <__submore+0x22>
    3fe6:	01250a33          	add	s4,a0,s2
    3fea:	85aa                	mv	a1,a0
    3fec:	864a                	mv	a2,s2
    3fee:	8552                	mv	a0,s4
    3ff0:	8e2fe0ef          	jal	ra,20d2 <memcpy>
    3ff4:	01442023          	sw	s4,0(s0)
    3ff8:	d844                	sw	s1,52(s0)
    3ffa:	03342c23          	sw	s3,56(s0)
    3ffe:	bfd1                	j	3fd2 <__submore+0x5a>

00004000 <__errno>:
    4000:	1fffe517          	auipc	a0,0x1fffe
    4004:	15452503          	lw	a0,340(a0) # 20002154 <_impure_ptr>
    4008:	8082                	ret

0000400a <__retarget_lock_acquire_recursive>:
    400a:	8082                	ret

0000400c <__retarget_lock_release_recursive>:
    400c:	8082                	ret

0000400e <memchr>:
    400e:	0ff5f593          	zext.b	a1,a1
    4012:	962a                	add	a2,a2,a0
    4014:	00c51463          	bne	a0,a2,401c <memchr+0xe>
    4018:	4501                	li	a0,0
    401a:	8082                	ret
    401c:	00054783          	lbu	a5,0(a0)
    4020:	feb78de3          	beq	a5,a1,401a <memchr+0xc>
    4024:	0505                	addi	a0,a0,1
    4026:	b7fd                	j	4014 <memchr+0x6>

00004028 <_free_r>:
    4028:	cdd1                	beqz	a1,40c4 <_free_r+0x9c>
    402a:	ffc5a783          	lw	a5,-4(a1)
    402e:	1101                	addi	sp,sp,-32
    4030:	cc22                	sw	s0,24(sp)
    4032:	ce06                	sw	ra,28(sp)
    4034:	ffc58413          	addi	s0,a1,-4
    4038:	0007d363          	bgez	a5,403e <_free_r+0x16>
    403c:	943e                	add	s0,s0,a5
    403e:	c62a                	sw	a0,12(sp)
    4040:	2c8d                	jal	42b2 <__malloc_lock>
    4042:	89c18713          	addi	a4,gp,-1892 # 200021ec <__malloc_free_list>
    4046:	431c                	lw	a5,0(a4)
    4048:	4532                	lw	a0,12(sp)
    404a:	eb81                	bnez	a5,405a <_free_r+0x32>
    404c:	00042223          	sw	zero,4(s0)
    4050:	c300                	sw	s0,0(a4)
    4052:	4462                	lw	s0,24(sp)
    4054:	40f2                	lw	ra,28(sp)
    4056:	6105                	addi	sp,sp,32
    4058:	a485                	j	42b8 <__malloc_unlock>
    405a:	00f47d63          	bgeu	s0,a5,4074 <_free_r+0x4c>
    405e:	4010                	lw	a2,0(s0)
    4060:	00c406b3          	add	a3,s0,a2
    4064:	00d79663          	bne	a5,a3,4070 <_free_r+0x48>
    4068:	4394                	lw	a3,0(a5)
    406a:	43dc                	lw	a5,4(a5)
    406c:	96b2                	add	a3,a3,a2
    406e:	c014                	sw	a3,0(s0)
    4070:	c05c                	sw	a5,4(s0)
    4072:	bff9                	j	4050 <_free_r+0x28>
    4074:	873e                	mv	a4,a5
    4076:	43dc                	lw	a5,4(a5)
    4078:	c399                	beqz	a5,407e <_free_r+0x56>
    407a:	fef47de3          	bgeu	s0,a5,4074 <_free_r+0x4c>
    407e:	4314                	lw	a3,0(a4)
    4080:	00d70633          	add	a2,a4,a3
    4084:	00861f63          	bne	a2,s0,40a2 <_free_r+0x7a>
    4088:	4010                	lw	a2,0(s0)
    408a:	96b2                	add	a3,a3,a2
    408c:	c314                	sw	a3,0(a4)
    408e:	00d70633          	add	a2,a4,a3
    4092:	fcc790e3          	bne	a5,a2,4052 <_free_r+0x2a>
    4096:	4390                	lw	a2,0(a5)
    4098:	43dc                	lw	a5,4(a5)
    409a:	96b2                	add	a3,a3,a2
    409c:	c314                	sw	a3,0(a4)
    409e:	c35c                	sw	a5,4(a4)
    40a0:	bf4d                	j	4052 <_free_r+0x2a>
    40a2:	00c47563          	bgeu	s0,a2,40ac <_free_r+0x84>
    40a6:	47b1                	li	a5,12
    40a8:	c11c                	sw	a5,0(a0)
    40aa:	b765                	j	4052 <_free_r+0x2a>
    40ac:	4010                	lw	a2,0(s0)
    40ae:	00c406b3          	add	a3,s0,a2
    40b2:	00d79663          	bne	a5,a3,40be <_free_r+0x96>
    40b6:	4394                	lw	a3,0(a5)
    40b8:	43dc                	lw	a5,4(a5)
    40ba:	96b2                	add	a3,a3,a2
    40bc:	c014                	sw	a3,0(s0)
    40be:	c05c                	sw	a5,4(s0)
    40c0:	c340                	sw	s0,4(a4)
    40c2:	bf41                	j	4052 <_free_r+0x2a>
    40c4:	8082                	ret

000040c6 <sbrk_aligned>:
    40c6:	1141                	addi	sp,sp,-16
    40c8:	c04a                	sw	s2,0(sp)
    40ca:	89818913          	addi	s2,gp,-1896 # 200021e8 <__malloc_sbrk_start>
    40ce:	00092783          	lw	a5,0(s2)
    40d2:	c422                	sw	s0,8(sp)
    40d4:	c226                	sw	s1,4(sp)
    40d6:	c606                	sw	ra,12(sp)
    40d8:	84aa                	mv	s1,a0
    40da:	842e                	mv	s0,a1
    40dc:	e789                	bnez	a5,40e6 <sbrk_aligned+0x20>
    40de:	4581                	li	a1,0
    40e0:	226d                	jal	428a <_sbrk_r>
    40e2:	00a92023          	sw	a0,0(s2)
    40e6:	85a2                	mv	a1,s0
    40e8:	8526                	mv	a0,s1
    40ea:	2245                	jal	428a <_sbrk_r>
    40ec:	597d                	li	s2,-1
    40ee:	01251a63          	bne	a0,s2,4102 <sbrk_aligned+0x3c>
    40f2:	547d                	li	s0,-1
    40f4:	40b2                	lw	ra,12(sp)
    40f6:	8522                	mv	a0,s0
    40f8:	4422                	lw	s0,8(sp)
    40fa:	4492                	lw	s1,4(sp)
    40fc:	4902                	lw	s2,0(sp)
    40fe:	0141                	addi	sp,sp,16
    4100:	8082                	ret
    4102:	00350413          	addi	s0,a0,3
    4106:	9871                	andi	s0,s0,-4
    4108:	fe8506e3          	beq	a0,s0,40f4 <sbrk_aligned+0x2e>
    410c:	40a405b3          	sub	a1,s0,a0
    4110:	8526                	mv	a0,s1
    4112:	2aa5                	jal	428a <_sbrk_r>
    4114:	ff2510e3          	bne	a0,s2,40f4 <sbrk_aligned+0x2e>
    4118:	bfe9                	j	40f2 <sbrk_aligned+0x2c>

0000411a <_malloc_r>:
    411a:	1101                	addi	sp,sp,-32
    411c:	ca26                	sw	s1,20(sp)
    411e:	00358493          	addi	s1,a1,3
    4122:	98f1                	andi	s1,s1,-4
    4124:	c84a                	sw	s2,16(sp)
    4126:	04a1                	addi	s1,s1,8
    4128:	47b1                	li	a5,12
    412a:	ce06                	sw	ra,28(sp)
    412c:	cc22                	sw	s0,24(sp)
    412e:	c64e                	sw	s3,12(sp)
    4130:	892a                	mv	s2,a0
    4132:	0af4f4b3          	maxu	s1,s1,a5
    4136:	0004c463          	bltz	s1,413e <_malloc_r+0x24>
    413a:	00b4fd63          	bgeu	s1,a1,4154 <_malloc_r+0x3a>
    413e:	47b1                	li	a5,12
    4140:	00f92023          	sw	a5,0(s2)
    4144:	4501                	li	a0,0
    4146:	40f2                	lw	ra,28(sp)
    4148:	4462                	lw	s0,24(sp)
    414a:	44d2                	lw	s1,20(sp)
    414c:	4942                	lw	s2,16(sp)
    414e:	49b2                	lw	s3,12(sp)
    4150:	6105                	addi	sp,sp,32
    4152:	8082                	ret
    4154:	2ab9                	jal	42b2 <__malloc_lock>
    4156:	89c18993          	addi	s3,gp,-1892 # 200021ec <__malloc_free_list>
    415a:	0009a783          	lw	a5,0(s3)
    415e:	843e                	mv	s0,a5
    4160:	e431                	bnez	s0,41ac <_malloc_r+0x92>
    4162:	85a6                	mv	a1,s1
    4164:	854a                	mv	a0,s2
    4166:	3785                	jal	40c6 <sbrk_aligned>
    4168:	57fd                	li	a5,-1
    416a:	842a                	mv	s0,a0
    416c:	0af51663          	bne	a0,a5,4218 <_malloc_r+0xfe>
    4170:	0009a403          	lw	s0,0(s3)
    4174:	87a2                	mv	a5,s0
    4176:	ebc1                	bnez	a5,4206 <_malloc_r+0xec>
    4178:	00042983          	lw	s3,0(s0)
    417c:	4581                	li	a1,0
    417e:	854a                	mv	a0,s2
    4180:	99a2                	add	s3,s3,s0
    4182:	2221                	jal	428a <_sbrk_r>
    4184:	08a99463          	bne	s3,a0,420c <_malloc_r+0xf2>
    4188:	401c                	lw	a5,0(s0)
    418a:	048d                	addi	s1,s1,3
    418c:	854a                	mv	a0,s2
    418e:	8c9d                	sub	s1,s1,a5
    4190:	98f1                	andi	s1,s1,-4
    4192:	47b1                	li	a5,12
    4194:	04a1                	addi	s1,s1,8
    4196:	0af4f4b3          	maxu	s1,s1,a5
    419a:	85a6                	mv	a1,s1
    419c:	372d                	jal	40c6 <sbrk_aligned>
    419e:	57fd                	li	a5,-1
    41a0:	06f50663          	beq	a0,a5,420c <_malloc_r+0xf2>
    41a4:	401c                	lw	a5,0(s0)
    41a6:	97a6                	add	a5,a5,s1
    41a8:	c01c                	sw	a5,0(s0)
    41aa:	a015                	j	41ce <_malloc_r+0xb4>
    41ac:	4014                	lw	a3,0(s0)
    41ae:	8e85                	sub	a3,a3,s1
    41b0:	0406c863          	bltz	a3,4200 <_malloc_r+0xe6>
    41b4:	472d                	li	a4,11
    41b6:	02d77d63          	bgeu	a4,a3,41f0 <_malloc_r+0xd6>
    41ba:	c004                	sw	s1,0(s0)
    41bc:	00940733          	add	a4,s0,s1
    41c0:	02879663          	bne	a5,s0,41ec <_malloc_r+0xd2>
    41c4:	00e9a023          	sw	a4,0(s3)
    41c8:	405c                	lw	a5,4(s0)
    41ca:	c314                	sw	a3,0(a4)
    41cc:	c35c                	sw	a5,4(a4)
    41ce:	854a                	mv	a0,s2
    41d0:	20e5                	jal	42b8 <__malloc_unlock>
    41d2:	00b40513          	addi	a0,s0,11
    41d6:	00440793          	addi	a5,s0,4
    41da:	9961                	andi	a0,a0,-8
    41dc:	40f50733          	sub	a4,a0,a5
    41e0:	f6f503e3          	beq	a0,a5,4146 <_malloc_r+0x2c>
    41e4:	943a                	add	s0,s0,a4
    41e6:	8f89                	sub	a5,a5,a0
    41e8:	c01c                	sw	a5,0(s0)
    41ea:	bfb1                	j	4146 <_malloc_r+0x2c>
    41ec:	c3d8                	sw	a4,4(a5)
    41ee:	bfe9                	j	41c8 <_malloc_r+0xae>
    41f0:	4058                	lw	a4,4(s0)
    41f2:	00879563          	bne	a5,s0,41fc <_malloc_r+0xe2>
    41f6:	00e9a023          	sw	a4,0(s3)
    41fa:	bfd1                	j	41ce <_malloc_r+0xb4>
    41fc:	c3d8                	sw	a4,4(a5)
    41fe:	bfc1                	j	41ce <_malloc_r+0xb4>
    4200:	87a2                	mv	a5,s0
    4202:	4040                	lw	s0,4(s0)
    4204:	bfb1                	j	4160 <_malloc_r+0x46>
    4206:	843e                	mv	s0,a5
    4208:	43dc                	lw	a5,4(a5)
    420a:	b7b5                	j	4176 <_malloc_r+0x5c>
    420c:	47b1                	li	a5,12
    420e:	00f92023          	sw	a5,0(s2)
    4212:	854a                	mv	a0,s2
    4214:	2055                	jal	42b8 <__malloc_unlock>
    4216:	b73d                	j	4144 <_malloc_r+0x2a>
    4218:	c104                	sw	s1,0(a0)
    421a:	bf55                	j	41ce <_malloc_r+0xb4>

0000421c <_realloc_r>:
    421c:	1101                	addi	sp,sp,-32
    421e:	ca26                	sw	s1,20(sp)
    4220:	ce06                	sw	ra,28(sp)
    4222:	cc22                	sw	s0,24(sp)
    4224:	c84a                	sw	s2,16(sp)
    4226:	c64e                	sw	s3,12(sp)
    4228:	c452                	sw	s4,8(sp)
    422a:	84b2                	mv	s1,a2
    422c:	e991                	bnez	a1,4240 <_realloc_r+0x24>
    422e:	4462                	lw	s0,24(sp)
    4230:	40f2                	lw	ra,28(sp)
    4232:	44d2                	lw	s1,20(sp)
    4234:	4942                	lw	s2,16(sp)
    4236:	49b2                	lw	s3,12(sp)
    4238:	4a22                	lw	s4,8(sp)
    423a:	85b2                	mv	a1,a2
    423c:	6105                	addi	sp,sp,32
    423e:	bdf1                	j	411a <_malloc_r>
    4240:	ee01                	bnez	a2,4258 <_realloc_r+0x3c>
    4242:	33dd                	jal	4028 <_free_r>
    4244:	4401                	li	s0,0
    4246:	40f2                	lw	ra,28(sp)
    4248:	8522                	mv	a0,s0
    424a:	4462                	lw	s0,24(sp)
    424c:	44d2                	lw	s1,20(sp)
    424e:	4942                	lw	s2,16(sp)
    4250:	49b2                	lw	s3,12(sp)
    4252:	4a22                	lw	s4,8(sp)
    4254:	6105                	addi	sp,sp,32
    4256:	8082                	ret
    4258:	8a2a                	mv	s4,a0
    425a:	842e                	mv	s0,a1
    425c:	208d                	jal	42be <_malloc_usable_size_r>
    425e:	892a                	mv	s2,a0
    4260:	00956663          	bltu	a0,s1,426c <_realloc_r+0x50>
    4264:	00155793          	srli	a5,a0,0x1
    4268:	fc97efe3          	bltu	a5,s1,4246 <_realloc_r+0x2a>
    426c:	85a6                	mv	a1,s1
    426e:	8552                	mv	a0,s4
    4270:	356d                	jal	411a <_malloc_r>
    4272:	89aa                	mv	s3,a0
    4274:	d961                	beqz	a0,4244 <_realloc_r+0x28>
    4276:	85a2                	mv	a1,s0
    4278:	0b24d633          	minu	a2,s1,s2
    427c:	e57fd0ef          	jal	ra,20d2 <memcpy>
    4280:	85a2                	mv	a1,s0
    4282:	8552                	mv	a0,s4
    4284:	3355                	jal	4028 <_free_r>
    4286:	844e                	mv	s0,s3
    4288:	bf7d                	j	4246 <_realloc_r+0x2a>

0000428a <_sbrk_r>:
    428a:	1141                	addi	sp,sp,-16
    428c:	c422                	sw	s0,8(sp)
    428e:	842a                	mv	s0,a0
    4290:	852e                	mv	a0,a1
    4292:	8801a823          	sw	zero,-1904(gp) # 200021e0 <errno>
    4296:	c606                	sw	ra,12(sp)
    4298:	d16fe0ef          	jal	ra,27ae <_sbrk>
    429c:	57fd                	li	a5,-1
    429e:	00f51663          	bne	a0,a5,42aa <_sbrk_r+0x20>
    42a2:	8901a783          	lw	a5,-1904(gp) # 200021e0 <errno>
    42a6:	c391                	beqz	a5,42aa <_sbrk_r+0x20>
    42a8:	c01c                	sw	a5,0(s0)
    42aa:	40b2                	lw	ra,12(sp)
    42ac:	4422                	lw	s0,8(sp)
    42ae:	0141                	addi	sp,sp,16
    42b0:	8082                	ret

000042b2 <__malloc_lock>:
    42b2:	89418513          	addi	a0,gp,-1900 # 200021e4 <__lock___malloc_recursive_mutex>
    42b6:	bb91                	j	400a <__retarget_lock_acquire_recursive>

000042b8 <__malloc_unlock>:
    42b8:	89418513          	addi	a0,gp,-1900 # 200021e4 <__lock___malloc_recursive_mutex>
    42bc:	bb81                	j	400c <__retarget_lock_release_recursive>

000042be <_malloc_usable_size_r>:
    42be:	ffc5a783          	lw	a5,-4(a1)
    42c2:	ffc78513          	addi	a0,a5,-4
    42c6:	0007d563          	bgez	a5,42d0 <_malloc_usable_size_r+0x12>
    42ca:	95aa                	add	a1,a1,a0
    42cc:	419c                	lw	a5,0(a1)
    42ce:	953e                	add	a0,a0,a5
    42d0:	8082                	ret
    42d2:	0000                	unimp
    42d4:	07b2                	slli	a5,a5,0xc
    42d6:	2000                	.2byte	0x2000
    42d8:	062e                	slli	a2,a2,0xb
    42da:	2000                	.2byte	0x2000
    42dc:	0846                	slli	a6,a6,0x11
    42de:	2000                	.2byte	0x2000
    42e0:	06a4                	addi	s1,sp,840
    42e2:	2000                	.2byte	0x2000
    42e4:	0846                	slli	a6,a6,0x11
    42e6:	2000                	.2byte	0x2000
    42e8:	05a8                	addi	a0,sp,712
    42ea:	2000                	.2byte	0x2000
    42ec:	0416                	slli	s0,s0,0x5
    42ee:	2000                	.2byte	0x2000
    42f0:	0846                	slli	a6,a6,0x11
    42f2:	2000                	.2byte	0x2000
    42f4:	0602                	c.slli64	a2
    42f6:	2000                	.2byte	0x2000
    42f8:	061a                	slli	a2,a2,0x6
    42fa:	2000                	.2byte	0x2000
    42fc:	07ac                	addi	a1,sp,968
    42fe:	2000                	.2byte	0x2000
    4300:	05b4                	addi	a3,sp,712
    4302:	2000                	.2byte	0x2000
    4304:	0436                	slli	s0,s0,0xd
    4306:	2000                	.2byte	0x2000
    4308:	0446                	slli	s0,s0,0x11
    430a:	2000                	.2byte	0x2000
    430c:	04d2                	slli	s1,s1,0x14
    430e:	2000                	.2byte	0x2000
    4310:	04fc                	addi	a5,sp,588
    4312:	2000                	.2byte	0x2000
    4314:	04fc                	addi	a5,sp,588
    4316:	2000                	.2byte	0x2000
    4318:	051c                	addi	a5,sp,640
    431a:	2000                	.2byte	0x2000
    431c:	0524                	addi	s1,sp,648
    431e:	2000                	.2byte	0x2000
    4320:	61656c43          	.4byte	0x61656c43
    4324:	6572                	.2byte	0x6572
    4326:	2064                	.2byte	0x2064
    4328:	7525                	lui	a0,0xfffe9
    432a:	000a                	c.slli	zero,0x2
    432c:	74206863          	bltu	zero,sp,4a7c <_data_lma+0x260>
    4330:	7365                	lui	t1,0xffff9
    4332:	0074                	addi	a3,sp,12
    4334:	6548                	.2byte	0x6548
    4336:	6c6c                	.2byte	0x6c6c
    4338:	57202c6f          	jal	s8,68aa <_data_lma+0x208e>
    433c:	646c726f          	jal	tp,cb982 <_data_lma+0xc7166>
    4340:	0a21                	addi	s4,s4,8
    4342:	0000                	unimp
    4344:	70206863          	bltu	zero,sp,4a54 <_data_lma+0x238>
    4348:	6572                	.2byte	0x6572
    434a:	0020                	addi	s0,sp,8
    434c:	6825                	lui	a6,0x9
    434e:	7568                	.2byte	0x7568
    4350:	0000                	unimp
    4352:	0000                	unimp
    4354:	5245                	li	tp,-15
    4356:	4f52                	lw	t5,20(sp)
    4358:	0a52                	slli	s4,s4,0x14
    435a:	0000                	unimp
    435c:	7270                	.2byte	0x7270
    435e:	7365                	lui	t1,0xffff9
    4360:	656c6163          	bltu	s8,s6,49a2 <_data_lma+0x186>
    4364:	2072                	.2byte	0x2072
    4366:	6176                	.2byte	0x6176
    4368:	756c                	.2byte	0x756c
    436a:	2065                	jal	4412 <_malloc_usable_size_r+0x154>
    436c:	7369                	lui	t1,0xffffa
    436e:	7320                	.2byte	0x7320
    4370:	7465                	lui	s0,0xffff9
    4372:	7420                	.2byte	0x7420
    4374:	7525206f          	j	56ac6 <_data_lma+0x522aa>
    4378:	202c                	.2byte	0x202c
    437a:	7770                	.2byte	0x7770
    437c:	206d                	jal	4426 <_malloc_usable_size_r+0x168>
    437e:	7266                	.2byte	0x7266
    4380:	7165                	addi	sp,sp,-400
    4382:	203a                	.2byte	0x203a
    4384:	7525                	lui	a0,0xfffe9
    4386:	000a                	c.slli	zero,0x2
    4388:	6d206863          	bltu	zero,s2,4a58 <_data_lma+0x23c>
    438c:	7861                	lui	a6,0xffff8
    438e:	0020                	addi	s0,sp,8
    4390:	6825                	lui	a6,0x9
    4392:	0075                	c.nop	29
    4394:	614d                	addi	sp,sp,176
    4396:	2078                	.2byte	0x2078
    4398:	6c637963          	bgeu	t1,t1,4a6a <_data_lma+0x24e>
    439c:	2065                	jal	4444 <_malloc_usable_size_r+0x186>
    439e:	6176                	.2byte	0x6176
    43a0:	756c                	.2byte	0x756c
    43a2:	2065                	jal	444a <_malloc_usable_size_r+0x18c>
    43a4:	7369                	lui	t1,0xffffa
    43a6:	7320                	.2byte	0x7320
    43a8:	7465                	lui	s0,0xffff9
    43aa:	7420                	.2byte	0x7420
    43ac:	7525206f          	j	56afe <_data_lma+0x522e2>
    43b0:	202c                	.2byte	0x202c
    43b2:	7770                	.2byte	0x7770
    43b4:	206d                	jal	445e <_malloc_usable_size_r+0x1a0>
    43b6:	7266                	.2byte	0x7266
    43b8:	7165                	addi	sp,sp,-400
    43ba:	203a                	.2byte	0x203a
    43bc:	7525                	lui	a0,0xfffe9
    43be:	000a                	c.slli	zero,0x2
    43c0:	76206863          	bltu	zero,sp,4b30 <_data_lma+0x314>
    43c4:	6c61                	lui	s8,0x18
    43c6:	0020                	addi	s0,sp,8
    43c8:	6e49                	lui	t3,0x12
    43ca:	7570                	.2byte	0x7570
    43cc:	2074                	.2byte	0x2074
    43ce:	6176                	.2byte	0x6176
    43d0:	756c                	.2byte	0x756c
    43d2:	2065                	jal	447a <_malloc_usable_size_r+0x1bc>
    43d4:	7369                	lui	t1,0xffffa
    43d6:	6720                	.2byte	0x6720
    43d8:	6572                	.2byte	0x6572
    43da:	7461                	lui	s0,0xffff8
    43dc:	7265                	lui	tp,0xffff9
    43de:	7420                	.2byte	0x7420
    43e0:	6168                	.2byte	0x6168
    43e2:	206e                	.2byte	0x206e
    43e4:	616d                	addi	sp,sp,240
    43e6:	2078                	.2byte	0x2078
    43e8:	6c637963          	bgeu	t1,t1,4aba <_data_lma+0x29e>
    43ec:	0a65                	addi	s4,s4,25
    43ee:	0000                	unimp
    43f0:	6c637943          	.4byte	0x6c637943
    43f4:	2065                	jal	449c <_malloc_usable_size_r+0x1de>
    43f6:	6176                	.2byte	0x6176
    43f8:	756c                	.2byte	0x756c
    43fa:	2065                	jal	44a2 <MyQuaDesc+0x2>
    43fc:	7369                	lui	t1,0xffffa
    43fe:	7320                	.2byte	0x7320
    4400:	7465                	lui	s0,0xffff9
    4402:	7420                	.2byte	0x7420
    4404:	7525206f          	j	56b56 <_data_lma+0x5233a>
    4408:	202c                	.2byte	0x202c
    440a:	7770                	.2byte	0x7770
    440c:	206d                	jal	44b6 <MySerNumInfo+0xa>
    440e:	7266                	.2byte	0x7266
    4410:	7165                	addi	sp,sp,-400
    4412:	203a                	.2byte	0x203a
    4414:	6c25                	lui	s8,0x9
    4416:	0a75                	addi	s4,s4,29
    4418:	0000                	unimp
    441a:	0000                	unimp
    441c:	65206863          	bltu	zero,s2,4a6c <_data_lma+0x250>
    4420:	636e                	.2byte	0x636e
    4422:	0072                	c.slli	zero,0x1c
    4424:	6e45                	lui	t3,0x11
    4426:	70797263          	bgeu	s2,t2,4b2a <_data_lma+0x30e>
    442a:	2074                	.2byte	0x2074
    442c:	6554                	.2byte	0x6554
    442e:	000a7473          	csrrci	s0,ustatus,20
    4432:	0000                	unimp
    4434:	2d20                	.2byte	0x2d20
    4436:	5020                	lw	s0,96(s0)
    4438:	616c                	.2byte	0x616c
    443a:	6e69                	lui	t3,0x1a
    443c:	6574                	.2byte	0x6574
    443e:	7478                	.2byte	0x7478
    4440:	203a                	.2byte	0x203a
    4442:	0000                	unimp
    4444:	3025                	jal	3c6c <__sccl>
    4446:	7832                	.2byte	0x7832
    4448:	0020                	addi	s0,sp,8
    444a:	0000                	unimp
    444c:	2d20                	.2byte	0x2d20
    444e:	4520                	lw	s0,72(a0)
    4450:	636e                	.2byte	0x636e
    4452:	7972                	.2byte	0x7972
    4454:	7470                	.2byte	0x7470
    4456:	6465                	lui	s0,0x19
    4458:	203a                	.2byte	0x203a
    445a:	0000                	unimp
    445c:	2d20                	.2byte	0x2d20
    445e:	4420                	lw	s0,72(s0)
    4460:	6365                	lui	t1,0x19
    4462:	7972                	.2byte	0x7972
    4464:	7470                	.2byte	0x7470
    4466:	6465                	lui	s0,0x19
    4468:	203a                	.2byte	0x203a
    446a:	0000                	unimp
    446c:	654e                	.2byte	0x654e
    446e:	6576                	.2byte	0x6576
    4470:	2072                	.2byte	0x2072
    4472:	6e6e6f47          	.4byte	0x6e6e6f47
    4476:	2061                	jal	44fe <MyCfgDescr_HS+0x12>
    4478:	65766947          	.4byte	0x65766947
    447c:	0000                	unimp
    447e:	0000                	unimp
    4480:	494c                	lw	a1,20(a0)
    4482:	2042                	.2byte	0x2042
    4484:	6e69                	lui	t3,0x1a
    4486:	7469                	lui	s0,0xffffa
    4488:	6520                	.2byte	0x6520
    448a:	7272                	.2byte	0x7272
    448c:	203a726f          	jal	tp,abe8e <_data_lma+0xa7672>
    4490:	7825                	lui	a6,0xfffe9
    4492:	000a                	c.slli	zero,0x2
    4494:	5245                	li	tp,-15
    4496:	4f52                	lw	t5,20(sp)
    4498:	2052                	.2byte	0x2052
    449a:	4c42                	lw	s8,16(sp)
    449c:	0a45                	addi	s4,s4,17
	...

000044a0 <MyQuaDesc>:
    44a0:	060a 0200 ffff 40ff 0001 0000               .......@....

000044ac <MySerNumInfo>:
    44ac:	0316 0030 0031 0032 0033 0034 0035 0036     ..0.1.2.3.4.5.6.
    44bc:	0037 0038 0039 0000                         7.8.9...

000044c4 <MyProdInfo>:
    44c4:	0316 0055 0053 0042 0020 0053 0065 0072     ..U.S.B. .S.e.r.
    44d4:	0069 0061 006c 0000                         i.a.l...

000044dc <MyManuInfo>:
    44dc:	030e 0077 0063 0068 002e 0063 006e 0000     ..w.c.h...c.n...

000044ec <MyCfgDescr_HS>:
    44ec:	0209 0043 0102 8000 0932 0004 0100 0202     ..C.....2.......
    44fc:	0001 2405 1000 0501 0124 0100 2404 0202     ...$....$....$..
    450c:	2405 0006 0701 8305 4003 0100 0409 0001     .$.......@......
    451c:	0a02 0000 0700 0205 0002 0004 0507 0282     ................
    452c:	0400 0000                                   ....

00004530 <MyCfgDescr_FS>:
    4530:	0209 0043 0102 8000 0932 0004 0100 0202     ..C.....2.......
    4540:	0001 2405 1000 0501 0124 0100 2404 0202     ...$....$....$..
    4550:	2405 0006 0701 8305 4003 0100 0409 0001     .$.......@......
    4560:	0a02 0000 0700 0205 4002 0000 0507 0282     .........@......
    4570:	0040 0000                                   @...

00004574 <MyDevDescr>:
    4574:	0112 0200 0002 4000 1a86 fe0c 0001 0201     .......@........
    4584:	0103 0000 249a 0000 24b2 0000 24d6 0000     .....$...$...$..
    4594:	24e0 0000 24f6 0000 2518 0000 2530 0000     .$...$...%..0%..
    45a4:	2554 0000 255e 0000 2574 0000 6e28 6c75     T%..^%..t%..(nul
    45b4:	296c 0000 32b6 0000 3316 0000 3406 0000     l)...2...3...4..
    45c4:	3406 0000 3406 0000 3124 0000 3124 0000     .4...4..$1..$1..
    45d4:	3124 0000 3124 0000 3124 0000 3124 0000     $1..$1..$1..$1..
    45e4:	3124 0000 33b6 0000 3390 0000 3124 0000     $1...3...3..$1..
    45f4:	3124 0000 32fe 0000 3124 0000 3364 0000     $1...2..$1..d3..
    4604:	3124 0000 3124 0000 3350 0000 6c68 004c     $1..$1..P3..hlL.
    4614:	f1b4 ffff f100 ffff f100 ffff f1e0 ffff     ................
    4624:	f100 ffff f100 ffff f100 ffff f100 ffff     ................
    4634:	f100 ffff f100 ffff f100 ffff f1f8 ffff     ................
    4644:	f1dc ffff f154 ffff f154 ffff f154 ffff     ....T...T...T...
    4654:	f100 ffff f1d0 ffff f100 ffff f100 ffff     ................
    4664:	f100 ffff f100 ffff f24e ffff f1d8 ffff     ........N.......
    4674:	f19a ffff f100 ffff f100 ffff f24a ffff     ............J...
    4684:	f100 ffff f1dc ffff f100 ffff f100 ffff     ................
    4694:	f1b4 ffff 2d2b 0000 3030 0000 5878 0000     ....+-..00..xX..
    46a4:	2d41 6146 662d 3938 3130 3332 3534 3736     A-Fa-f8901234567
    46b4:	005d 0000                                   ]...

000046b8 <_ctype_>:
    46b8:	2000 2020 2020 2020 2020 2828 2828 2028     .         ((((( 
    46c8:	2020 2020 2020 2020 2020 2020 2020 2020                     
    46d8:	8820 1010 1010 1010 1010 1010 1010 1010      ...............
    46e8:	0410 0404 0404 0404 0404 1004 1010 1010     ................
    46f8:	1010 4141 4141 4141 0101 0101 0101 0101     ..AAAAAA........
    4708:	0101 0101 0101 0101 0101 0101 1010 1010     ................
    4718:	1010 4242 4242 4242 0202 0202 0202 0202     ..BBBBBB........
    4728:	0202 0202 0202 0202 0202 0202 1010 1010     ................
    4738:	0020 0000 0000 0000 0000 0000 0000 0000      ...............
	...

000047bc <__sf_fake_stderr>:
	...

000047dc <__sf_fake_stdout>:
	...

000047fc <__sf_fake_stdin>:
	...
